CuKxHq@gmail.com,UPDATE,2024-10-04 14:55:51
CuKxHq@gmail.com,UPDATE,2024-10-04 16:43:07
gkDWXlHdos@gmail.com,UPDATE,2024-10-04 04:52:53
dnxjhsHl@ya.ru,CREATE,2024-10-04 16:52:13
wmhpW@mail.ru,DELETE,2024-10-04 06:06:49
HzQpbwtPYcr@gmail.com,DELETE,2024-10-04 09:00:26
FTpOweY@gmail.com,DELETE,2024-10-04 12:02:22
wmhpW@mail.ru,READ,2024-10-04 12:54:03
gkDWXlHdos@gmail.com,CREATE,2024-10-04 22:34:08
NWZmwZEgnrJXli@mail.ru,READ,2024-10-04 22:19:08
SDisT@gmail.com,UPDATE,2024-10-04 19:21:46
gkDWXlHdos@gmail.com,DELETE,2024-10-04 06:35:45
QWVYXefAb@mail.ru,CREATE,2024-10-04 12:25:58
SDisT@gmail.com,CREATE,2024-10-04 02:03:29
dnxjhsHl@ya.ru,READ,2024-10-04 18:26:06
CuKxHq@gmail.com,CREATE,2024-10-04 12:13:22
dnxjhsHl@ya.ru,UPDATE,2024-10-04 17:17:24
SDisT@gmail.com,UPDATE,2024-10-04 17:31:11
dnxjhsHl@ya.ru,UPDATE,2024-10-04 21:16:27
dnxjhsHl@ya.ru,READ,2024-10-04 18:46:22
QWVYXefAb@mail.ru,DELETE,2024-10-04 23:35:41
SDisT@gmail.com,UPDATE,2024-10-04 05:55:24
NWZmwZEgnrJXli@mail.ru,UPDATE,2024-10-04 04:16:49
dnxjhsHl@ya.ru,UPDATE,2024-10-04 15:29:12
dnxjhsHl@ya.ru,UPDATE,2024-10-04 02:56:55
NWZmwZEgnrJXli@mail.ru,READ,2024-10-04 11:45:13
NWZmwZEgnrJXli@mail.ru,UPDATE,2024-10-04 01:17:01
wmhpW@mail.ru,CREATE,2024-10-04 16:14:52
gkDWXlHdos@gmail.com,UPDATE,2024-10-04 11:31:06
gkDWXlHdos@gmail.com,READ,2024-10-04 01:34:56
SDisT@gmail.com,READ,2024-10-04 14:04:16
dnxjhsHl@ya.ru,UPDATE,2024-10-04 00:25:32
NWZmwZEgnrJXli@mail.ru,READ,2024-10-04 21:12:19
DgRrWUDxRqCuci@ya.ru,CREATE,2024-10-04 00:10:43
SDisT@gmail.com,DELETE,2024-10-04 20:25:03
dnxjhsHl@ya.ru,CREATE,2024-10-04 06:51:23
FTpOweY@gmail.com,DELETE,2024-10-04 04:14:19
QWVYXefAb@mail.ru,DELETE,2024-10-04 14:44:44
wmhpW@mail.ru,READ,2024-10-04 02:56:58
gkDWXlHdos@gmail.com,READ,2024-10-04 04:58:57
gkDWXlHdos@gmail.com,CREATE,2024-10-04 12:57:53
HzQpbwtPYcr@gmail.com,DELETE,2024-10-04 13:53:54
HzQpbwtPYcr@gmail.com,CREATE,2024-10-04 09:50:18
CuKxHq@gmail.com,READ,2024-10-04 14:30:57
FTpOweY@gmail.com,UPDATE,2024-10-04 23:45:55
DgRrWUDxRqCuci@ya.ru,DELETE,2024-10-04 09:40:27
NWZmwZEgnrJXli@mail.ru,CREATE,2024-10-04 19:54:27
dnxjhsHl@ya.ru,UPDATE,2024-10-04 14:05:40
wmhpW@mail.ru,UPDATE,2024-10-04 21:12:04
dnxjhsHl@ya.ru,UPDATE,2024-10-04 03:17:05
dnxjhsHl@ya.ru,CREATE,2024-10-04 15:45:00
DgRrWUDxRqCuci@ya.ru,CREATE,2024-10-04 17:25:14
gkDWXlHdos@gmail.com,DELETE,2024-10-04 17:59:42
SDisT@gmail.com,UPDATE,2024-10-04 12:23:27
NWZmwZEgnrJXli@mail.ru,UPDATE,2024-10-04 11:57:50
DgRrWUDxRqCuci@ya.ru,READ,2024-10-04 16:32:19
FTpOweY@gmail.com,READ,2024-10-04 07:16:48
CuKxHq@gmail.com,READ,2024-10-04 08:51:23
DgRrWUDxRqCuci@ya.ru,CREATE,2024-10-04 03:03:58
HzQpbwtPYcr@gmail.com,UPDATE,2024-10-04 11:03:15
gkDWXlHdos@gmail.com,UPDATE,2024-10-04 19:12:32
QWVYXefAb@mail.ru,READ,2024-10-04 22:59:04
gkDWXlHdos@gmail.com,READ,2024-10-04 05:11:13
DgRrWUDxRqCuci@ya.ru,CREATE,2024-10-04 01:37:45
HzQpbwtPYcr@gmail.com,DELETE,2024-10-04 21:11:56
HzQpbwtPYcr@gmail.com,READ,2024-10-04 01:36:16
SDisT@gmail.com,READ,2024-10-04 22:43:01
SDisT@gmail.com,UPDATE,2024-10-04 22:57:56
wmhpW@mail.ru,READ,2024-10-04 12:48:09
FTpOweY@gmail.com,UPDATE,2024-10-04 05:28:59
NWZmwZEgnrJXli@mail.ru,READ,2024-10-04 03:50:33
HzQpbwtPYcr@gmail.com,UPDATE,2024-10-04 06:55:56
DgRrWUDxRqCuci@ya.ru,DELETE,2024-10-04 20:23:38
dnxjhsHl@ya.ru,READ,2024-10-04 13:57:58
CuKxHq@gmail.com,UPDATE,2024-10-04 06:54:38
CuKxHq@gmail.com,UPDATE,2024-10-04 14:51:02
FTpOweY@gmail.com,DELETE,2024-10-04 13:21:57
SDisT@gmail.com,UPDATE,2024-10-04 11:38:26
DgRrWUDxRqCuci@ya.ru,UPDATE,2024-10-04 19:53:45
wmhpW@mail.ru,READ,2024-10-04 22:02:17
dnxjhsHl@ya.ru,READ,2024-10-04 14:56:40
CuKxHq@gmail.com,DELETE,2024-10-04 16:21:10
dnxjhsHl@ya.ru,UPDATE,2024-10-04 10:58:10
NWZmwZEgnrJXli@mail.ru,DELETE,2024-10-04 20:15:06
QWVYXefAb@mail.ru,UPDATE,2024-10-04 14:07:20
NWZmwZEgnrJXli@mail.ru,READ,2024-10-04 18:01:42
DgRrWUDxRqCuci@ya.ru,UPDATE,2024-10-04 22:08:21
wmhpW@mail.ru,CREATE,2024-10-04 12:09:27
SDisT@gmail.com,UPDATE,2024-10-04 03:44:58
CuKxHq@gmail.com,READ,2024-10-04 20:10:28
NWZmwZEgnrJXli@mail.ru,CREATE,2024-10-04 09:59:45
NWZmwZEgnrJXli@mail.ru,UPDATE,2024-10-04 20:11:12
DgRrWUDxRqCuci@ya.ru,DELETE,2024-10-04 15:52:34
DgRrWUDxRqCuci@ya.ru,READ,2024-10-04 05:51:07
gkDWXlHdos@gmail.com,DELETE,2024-10-04 08:49:34
QWVYXefAb@mail.ru,READ,2024-10-04 14:21:26
FTpOweY@gmail.com,CREATE,2024-10-04 22:35:07
wmhpW@mail.ru,UPDATE,2024-10-04 11:26:00
DgRrWUDxRqCuci@ya.ru,CREATE,2024-10-04 07:34:55
gkDWXlHdos@gmail.com,UPDATE,2024-10-04 20:02:49
HzQpbwtPYcr@gmail.com,READ,2024-10-04 04:09:16
NWZmwZEgnrJXli@mail.ru,READ,2024-10-04 17:14:38
SDisT@gmail.com,READ,2024-10-04 23:31:54
dnxjhsHl@ya.ru,READ,2024-10-04 05:18:31
CuKxHq@gmail.com,CREATE,2024-10-04 10:28:55
SDisT@gmail.com,DELETE,2024-10-04 14:56:38
NWZmwZEgnrJXli@mail.ru,DELETE,2024-10-04 16:16:31
HzQpbwtPYcr@gmail.com,UPDATE,2024-10-04 17:25:42
DgRrWUDxRqCuci@ya.ru,READ,2024-10-04 02:59:08
FTpOweY@gmail.com,UPDATE,2024-10-04 12:51:01
dnxjhsHl@ya.ru,READ,2024-10-04 04:01:03
wmhpW@mail.ru,CREATE,2024-10-04 21:59:25
gkDWXlHdos@gmail.com,CREATE,2024-10-04 17:22:15
CuKxHq@gmail.com,READ,2024-10-04 02:15:24
NWZmwZEgnrJXli@mail.ru,DELETE,2024-10-04 08:02:05
FTpOweY@gmail.com,CREATE,2024-10-04 14:28:17
DgRrWUDxRqCuci@ya.ru,DELETE,2024-10-04 17:38:25
dnxjhsHl@ya.ru,UPDATE,2024-10-04 19:58:47
FTpOweY@gmail.com,CREATE,2024-10-04 03:54:39
FTpOweY@gmail.com,READ,2024-10-04 05:23:57
gkDWXlHdos@gmail.com,CREATE,2024-10-04 05:00:54
CuKxHq@gmail.com,DELETE,2024-10-04 00:03:59
dnxjhsHl@ya.ru,READ,2024-10-04 04:15:24
QWVYXefAb@mail.ru,CREATE,2024-10-04 15:23:32
wmhpW@mail.ru,DELETE,2024-10-04 21:07:29
QWVYXefAb@mail.ru,UPDATE,2024-10-04 20:48:59
FTpOweY@gmail.com,UPDATE,2024-10-04 22:42:01
dnxjhsHl@ya.ru,CREATE,2024-10-04 02:34:35
CuKxHq@gmail.com,READ,2024-10-04 14:55:24
wmhpW@mail.ru,CREATE,2024-10-04 11:04:26
dnxjhsHl@ya.ru,DELETE,2024-10-04 18:39:48
CuKxHq@gmail.com,UPDATE,2024-10-04 03:00:07
HzQpbwtPYcr@gmail.com,READ,2024-10-04 02:11:29
DgRrWUDxRqCuci@ya.ru,CREATE,2024-10-04 18:38:10
QWVYXefAb@mail.ru,UPDATE,2024-10-04 08:20:02
NWZmwZEgnrJXli@mail.ru,CREATE,2024-10-04 03:51:53
CuKxHq@gmail.com,UPDATE,2024-10-04 23:17:04
QWVYXefAb@mail.ru,UPDATE,2024-10-04 18:52:23
CuKxHq@gmail.com,DELETE,2024-10-04 04:26:53
gkDWXlHdos@gmail.com,UPDATE,2024-10-04 16:02:48
FTpOweY@gmail.com,UPDATE,2024-10-04 02:59:01
gkDWXlHdos@gmail.com,UPDATE,2024-10-04 02:15:15
CuKxHq@gmail.com,CREATE,2024-10-04 18:59:27
gkDWXlHdos@gmail.com,READ,2024-10-04 14:39:45
HzQpbwtPYcr@gmail.com,READ,2024-10-04 21:43:59
DgRrWUDxRqCuci@ya.ru,DELETE,2024-10-04 23:20:01
gkDWXlHdos@gmail.com,DELETE,2024-10-04 08:36:11
SDisT@gmail.com,DELETE,2024-10-04 19:07:34
NWZmwZEgnrJXli@mail.ru,CREATE,2024-10-04 07:19:48
CuKxHq@gmail.com,READ,2024-10-04 14:18:18
gkDWXlHdos@gmail.com,READ,2024-10-04 09:34:22
DgRrWUDxRqCuci@ya.ru,UPDATE,2024-10-04 07:24:15
dnxjhsHl@ya.ru,DELETE,2024-10-04 03:23:24
HzQpbwtPYcr@gmail.com,DELETE,2024-10-04 22:53:10
SDisT@gmail.com,CREATE,2024-10-04 20:00:23
wmhpW@mail.ru,CREATE,2024-10-04 12:24:39
CuKxHq@gmail.com,READ,2024-10-04 22:16:57
gkDWXlHdos@gmail.com,DELETE,2024-10-04 06:24:41
HzQpbwtPYcr@gmail.com,CREATE,2024-10-04 10:24:33
HzQpbwtPYcr@gmail.com,CREATE,2024-10-04 17:01:02
QWVYXefAb@mail.ru,DELETE,2024-10-04 16:15:30
wmhpW@mail.ru,UPDATE,2024-10-04 22:50:09
gkDWXlHdos@gmail.com,DELETE,2024-10-04 02:06:20
DgRrWUDxRqCuci@ya.ru,UPDATE,2024-10-04 01:40:14
FTpOweY@gmail.com,UPDATE,2024-10-04 13:31:56
DgRrWUDxRqCuci@ya.ru,DELETE,2024-10-04 05:44:19
wmhpW@mail.ru,READ,2024-10-04 05:18:31
FTpOweY@gmail.com,CREATE,2024-10-04 04:45:25
gkDWXlHdos@gmail.com,DELETE,2024-10-04 01:15:31
NWZmwZEgnrJXli@mail.ru,READ,2024-10-04 15:40:30
DgRrWUDxRqCuci@ya.ru,READ,2024-10-04 23:19:52
gkDWXlHdos@gmail.com,CREATE,2024-10-04 17:13:53
dnxjhsHl@ya.ru,UPDATE,2024-10-04 06:30:32
gkDWXlHdos@gmail.com,DELETE,2024-10-04 17:58:17
wmhpW@mail.ru,CREATE,2024-10-04 14:59:00
HzQpbwtPYcr@gmail.com,DELETE,2024-10-04 11:07:06
FTpOweY@gmail.com,UPDATE,2024-10-04 16:48:37
dnxjhsHl@ya.ru,READ,2024-10-04 01:00:43
CuKxHq@gmail.com,UPDATE,2024-10-04 16:23:45
HzQpbwtPYcr@gmail.com,UPDATE,2024-10-04 20:22:41
HzQpbwtPYcr@gmail.com,DELETE,2024-10-04 13:47:27
CuKxHq@gmail.com,READ,2024-10-04 11:07:39
SDisT@gmail.com,UPDATE,2024-10-04 22:14:40
NWZmwZEgnrJXli@mail.ru,UPDATE,2024-10-04 05:46:44
dnxjhsHl@ya.ru,READ,2024-10-04 16:03:37
HzQpbwtPYcr@gmail.com,CREATE,2024-10-04 08:12:43
dnxjhsHl@ya.ru,DELETE,2024-10-04 19:29:40
dnxjhsHl@ya.ru,CREATE,2024-10-04 07:10:49
FTpOweY@gmail.com,READ,2024-10-04 02:18:50
CuKxHq@gmail.com,UPDATE,2024-10-04 07:32:20
FTpOweY@gmail.com,DELETE,2024-10-04 12:32:34
HzQpbwtPYcr@gmail.com,DELETE,2024-10-04 06:17:40
wmhpW@mail.ru,CREATE,2024-10-04 19:16:41
dnxjhsHl@ya.ru,DELETE,2024-10-04 20:31:55
gkDWXlHdos@gmail.com,READ,2024-10-04 05:21:14
NWZmwZEgnrJXli@mail.ru,READ,2024-10-04 21:51:29
NWZmwZEgnrJXli@mail.ru,READ,2024-10-04 13:37:28
QWVYXefAb@mail.ru,DELETE,2024-10-04 12:04:44
NWZmwZEgnrJXli@mail.ru,UPDATE,2024-10-04 14:43:06
DgRrWUDxRqCuci@ya.ru,UPDATE,2024-10-04 10:47:35
dnxjhsHl@ya.ru,DELETE,2024-10-04 22:20:58
dnxjhsHl@ya.ru,CREATE,2024-10-04 23:09:08
NWZmwZEgnrJXli@mail.ru,READ,2024-10-04 06:36:03
HzQpbwtPYcr@gmail.com,CREATE,2024-10-04 06:33:55
FTpOweY@gmail.com,CREATE,2024-10-04 14:25:56
gkDWXlHdos@gmail.com,CREATE,2024-10-04 12:15:43
QWVYXefAb@mail.ru,READ,2024-10-04 01:41:17
wmhpW@mail.ru,UPDATE,2024-10-04 10:11:15
HzQpbwtPYcr@gmail.com,CREATE,2024-10-04 19:16:52
SDisT@gmail.com,DELETE,2024-10-04 09:41:40
dnxjhsHl@ya.ru,READ,2024-10-04 14:50:47
wmhpW@mail.ru,UPDATE,2024-10-04 06:58:16
HzQpbwtPYcr@gmail.com,DELETE,2024-10-04 21:03:08
dnxjhsHl@ya.ru,UPDATE,2024-10-04 03:40:35
FTpOweY@gmail.com,CREATE,2024-10-04 10:51:10
dnxjhsHl@ya.ru,DELETE,2024-10-04 21:49:26
wmhpW@mail.ru,CREATE,2024-10-04 17:45:27
dnxjhsHl@ya.ru,CREATE,2024-10-04 08:55:11
HzQpbwtPYcr@gmail.com,CREATE,2024-10-04 09:52:32
FTpOweY@gmail.com,DELETE,2024-10-04 06:42:07
CuKxHq@gmail.com,UPDATE,2024-10-04 04:48:11
dnxjhsHl@ya.ru,UPDATE,2024-10-04 07:18:03
HzQpbwtPYcr@gmail.com,READ,2024-10-04 18:15:54
wmhpW@mail.ru,READ,2024-10-04 12:26:36
HzQpbwtPYcr@gmail.com,UPDATE,2024-10-04 22:44:35
FTpOweY@gmail.com,DELETE,2024-10-04 16:35:24
QWVYXefAb@mail.ru,CREATE,2024-10-04 18:07:49
gkDWXlHdos@gmail.com,READ,2024-10-04 19:59:12
SDisT@gmail.com,CREATE,2024-10-04 21:00:14
SDisT@gmail.com,READ,2024-10-04 10:10:40
dnxjhsHl@ya.ru,CREATE,2024-10-04 04:15:42
gkDWXlHdos@gmail.com,UPDATE,2024-10-04 18:33:49
dnxjhsHl@ya.ru,UPDATE,2024-10-04 01:46:21
CuKxHq@gmail.com,UPDATE,2024-10-04 05:02:30
dnxjhsHl@ya.ru,UPDATE,2024-10-04 14:33:22
NWZmwZEgnrJXli@mail.ru,DELETE,2024-10-04 05:08:11
CuKxHq@gmail.com,CREATE,2024-10-04 01:56:04
FTpOweY@gmail.com,READ,2024-10-04 10:08:06
SDisT@gmail.com,UPDATE,2024-10-04 01:46:06
dnxjhsHl@ya.ru,READ,2024-10-04 09:15:16
NWZmwZEgnrJXli@mail.ru,CREATE,2024-10-04 16:01:21
FTpOweY@gmail.com,UPDATE,2024-10-04 17:48:02
SDisT@gmail.com,DELETE,2024-10-04 14:12:02
HzQpbwtPYcr@gmail.com,UPDATE,2024-10-04 16:58:32
HzQpbwtPYcr@gmail.com,UPDATE,2024-10-04 15:40:07
FTpOweY@gmail.com,READ,2024-10-04 14:37:36
NWZmwZEgnrJXli@mail.ru,DELETE,2024-10-04 02:32:22
dnxjhsHl@ya.ru,READ,2024-10-04 01:16:37
SDisT@gmail.com,UPDATE,2024-10-04 01:39:19
HzQpbwtPYcr@gmail.com,DELETE,2024-10-04 18:29:49
dnxjhsHl@ya.ru,UPDATE,2024-10-04 04:10:07
wmhpW@mail.ru,CREATE,2024-10-04 15:28:20
CuKxHq@gmail.com,CREATE,2024-10-04 18:36:49
NWZmwZEgnrJXli@mail.ru,UPDATE,2024-10-04 04:45:27
NWZmwZEgnrJXli@mail.ru,READ,2024-10-04 21:28:42
DgRrWUDxRqCuci@ya.ru,CREATE,2024-10-04 10:29:44
wmhpW@mail.ru,READ,2024-10-04 18:59:27
SDisT@gmail.com,READ,2024-10-04 14:01:59
DgRrWUDxRqCuci@ya.ru,DELETE,2024-10-04 04:27:55
DgRrWUDxRqCuci@ya.ru,DELETE,2024-10-04 01:56:23
wmhpW@mail.ru,UPDATE,2024-10-04 17:52:35
DgRrWUDxRqCuci@ya.ru,CREATE,2024-10-04 16:15:48
NWZmwZEgnrJXli@mail.ru,READ,2024-10-04 09:52:47
DgRrWUDxRqCuci@ya.ru,READ,2024-10-04 04:57:19
SDisT@gmail.com,DELETE,2024-10-04 07:07:19
dnxjhsHl@ya.ru,DELETE,2024-10-04 20:20:04
gkDWXlHdos@gmail.com,DELETE,2024-10-04 15:56:46
NWZmwZEgnrJXli@mail.ru,DELETE,2024-10-04 01:32:29
DgRrWUDxRqCuci@ya.ru,READ,2024-10-04 08:37:43
QWVYXefAb@mail.ru,READ,2024-10-04 12:18:56
gkDWXlHdos@gmail.com,UPDATE,2024-10-04 05:28:48
SDisT@gmail.com,UPDATE,2024-10-04 05:05:35
wmhpW@mail.ru,DELETE,2024-10-04 06:37:56
CuKxHq@gmail.com,UPDATE,2024-10-04 18:38:25
FTpOweY@gmail.com,READ,2024-10-04 11:40:02
SDisT@gmail.com,READ,2024-10-04 17:12:03
CuKxHq@gmail.com,DELETE,2024-10-04 07:15:49
HzQpbwtPYcr@gmail.com,CREATE,2024-10-04 19:06:06
dnxjhsHl@ya.ru,CREATE,2024-10-04 19:55:53
HzQpbwtPYcr@gmail.com,CREATE,2024-10-04 22:08:21
HzQpbwtPYcr@gmail.com,DELETE,2024-10-04 13:14:07
QWVYXefAb@mail.ru,UPDATE,2024-10-04 13:32:24
SDisT@gmail.com,CREATE,2024-10-04 13:25:33
DgRrWUDxRqCuci@ya.ru,UPDATE,2024-10-04 14:55:24
gkDWXlHdos@gmail.com,UPDATE,2024-10-04 17:37:13
HzQpbwtPYcr@gmail.com,READ,2024-10-04 16:39:19
SDisT@gmail.com,CREATE,2024-10-04 23:16:38
QWVYXefAb@mail.ru,READ,2024-10-04 01:53:39
QWVYXefAb@mail.ru,UPDATE,2024-10-04 19:24:00
CuKxHq@gmail.com,CREATE,2024-10-04 17:43:33
CuKxHq@gmail.com,READ,2024-10-04 13:24:43
HzQpbwtPYcr@gmail.com,UPDATE,2024-10-04 05:42:11
dnxjhsHl@ya.ru,CREATE,2024-10-04 11:51:50
FTpOweY@gmail.com,DELETE,2024-10-04 11:25:27
SDisT@gmail.com,READ,2024-10-04 21:33:58
NWZmwZEgnrJXli@mail.ru,UPDATE,2024-10-04 06:28:16
CuKxHq@gmail.com,DELETE,2024-10-04 01:26:08
HzQpbwtPYcr@gmail.com,DELETE,2024-10-04 03:15:27
SDisT@gmail.com,CREATE,2024-10-04 17:27:07
QWVYXefAb@mail.ru,UPDATE,2024-10-04 18:36:58
DgRrWUDxRqCuci@ya.ru,READ,2024-10-04 12:10:55
HzQpbwtPYcr@gmail.com,CREATE,2024-10-04 11:07:14
SDisT@gmail.com,UPDATE,2024-10-04 01:45:11
FTpOweY@gmail.com,CREATE,2024-10-04 11:54:50
gkDWXlHdos@gmail.com,READ,2024-10-04 22:44:56
gkDWXlHdos@gmail.com,DELETE,2024-10-04 05:34:05
dnxjhsHl@ya.ru,UPDATE,2024-10-04 02:34:26
QWVYXefAb@mail.ru,UPDATE,2024-10-04 10:42:43
dnxjhsHl@ya.ru,CREATE,2024-10-04 14:48:38
wmhpW@mail.ru,READ,2024-10-04 09:12:40
HzQpbwtPYcr@gmail.com,UPDATE,2024-10-04 07:05:02
FTpOweY@gmail.com,DELETE,2024-10-04 13:38:40
DgRrWUDxRqCuci@ya.ru,DELETE,2024-10-04 17:35:22
FTpOweY@gmail.com,CREATE,2024-10-04 06:02:52
DgRrWUDxRqCuci@ya.ru,DELETE,2024-10-04 18:34:14
DgRrWUDxRqCuci@ya.ru,READ,2024-10-04 19:27:46
DgRrWUDxRqCuci@ya.ru,READ,2024-10-04 08:38:09
FTpOweY@gmail.com,DELETE,2024-10-04 01:08:56
DgRrWUDxRqCuci@ya.ru,READ,2024-10-04 08:37:02
gkDWXlHdos@gmail.com,READ,2024-10-04 20:17:08
wmhpW@mail.ru,CREATE,2024-10-04 02:35:56
HzQpbwtPYcr@gmail.com,READ,2024-10-04 11:47:51
CuKxHq@gmail.com,UPDATE,2024-10-04 10:16:55
HzQpbwtPYcr@gmail.com,CREATE,2024-10-04 00:34:22
SDisT@gmail.com,READ,2024-10-04 03:13:24
HzQpbwtPYcr@gmail.com,DELETE,2024-10-04 07:52:59
wmhpW@mail.ru,UPDATE,2024-10-04 21:06:24
NWZmwZEgnrJXli@mail.ru,DELETE,2024-10-04 08:24:29
gkDWXlHdos@gmail.com,CREATE,2024-10-04 22:46:09
QWVYXefAb@mail.ru,UPDATE,2024-10-04 07:37:46
NWZmwZEgnrJXli@mail.ru,UPDATE,2024-10-04 23:10:38
gkDWXlHdos@gmail.com,READ,2024-10-04 22:16:32
DgRrWUDxRqCuci@ya.ru,READ,2024-10-04 08:38:04
wmhpW@mail.ru,DELETE,2024-10-04 16:04:51
NWZmwZEgnrJXli@mail.ru,DELETE,2024-10-04 09:09:34
dnxjhsHl@ya.ru,READ,2024-10-04 03:48:17
CuKxHq@gmail.com,CREATE,2024-10-04 10:41:21
HzQpbwtPYcr@gmail.com,CREATE,2024-10-04 01:23:07
wmhpW@mail.ru,UPDATE,2024-10-04 20:11:47
NWZmwZEgnrJXli@mail.ru,CREATE,2024-10-04 21:48:49
SDisT@gmail.com,DELETE,2024-10-04 04:45:17
dnxjhsHl@ya.ru,CREATE,2024-10-04 06:49:53
HzQpbwtPYcr@gmail.com,DELETE,2024-10-04 10:44:37
QWVYXefAb@mail.ru,DELETE,2024-10-04 07:26:38
HzQpbwtPYcr@gmail.com,DELETE,2024-10-04 16:27:14
FTpOweY@gmail.com,CREATE,2024-10-04 22:56:23
HzQpbwtPYcr@gmail.com,READ,2024-10-04 11:11:52
FTpOweY@gmail.com,CREATE,2024-10-04 19:48:16
wmhpW@mail.ru,CREATE,2024-10-04 20:44:16
CuKxHq@gmail.com,UPDATE,2024-10-04 03:25:24
CuKxHq@gmail.com,DELETE,2024-10-04 07:47:43
FTpOweY@gmail.com,DELETE,2024-10-04 07:17:31
NWZmwZEgnrJXli@mail.ru,DELETE,2024-10-04 23:55:49
FTpOweY@gmail.com,DELETE,2024-10-04 20:13:40
CuKxHq@gmail.com,READ,2024-10-04 16:53:04
SDisT@gmail.com,CREATE,2024-10-04 17:04:21
wmhpW@mail.ru,READ,2024-10-04 08:00:35
HzQpbwtPYcr@gmail.com,READ,2024-10-04 17:22:51
DgRrWUDxRqCuci@ya.ru,CREATE,2024-10-04 00:35:45
FTpOweY@gmail.com,CREATE,2024-10-04 02:09:32
HzQpbwtPYcr@gmail.com,READ,2024-10-04 09:54:31
CuKxHq@gmail.com,CREATE,2024-10-04 21:43:23
HzQpbwtPYcr@gmail.com,DELETE,2024-10-04 23:52:44
wmhpW@mail.ru,UPDATE,2024-10-04 07:47:50
wmhpW@mail.ru,READ,2024-10-04 12:08:23
FTpOweY@gmail.com,READ,2024-10-04 05:25:16
SDisT@gmail.com,UPDATE,2024-10-04 18:23:40
DgRrWUDxRqCuci@ya.ru,CREATE,2024-10-04 13:50:40
CuKxHq@gmail.com,CREATE,2024-10-04 12:48:33
NWZmwZEgnrJXli@mail.ru,DELETE,2024-10-04 02:31:21
SDisT@gmail.com,CREATE,2024-10-04 13:00:44
gkDWXlHdos@gmail.com,UPDATE,2024-10-04 21:48:46
dnxjhsHl@ya.ru,UPDATE,2024-10-04 22:55:17
CuKxHq@gmail.com,READ,2024-10-04 06:03:34
gkDWXlHdos@gmail.com,UPDATE,2024-10-04 18:21:32
HzQpbwtPYcr@gmail.com,UPDATE,2024-10-04 12:21:07
HzQpbwtPYcr@gmail.com,CREATE,2024-10-04 17:02:43
CuKxHq@gmail.com,UPDATE,2024-10-04 11:11:27
wmhpW@mail.ru,UPDATE,2024-10-04 19:02:25
SDisT@gmail.com,UPDATE,2024-10-04 15:40:24
FTpOweY@gmail.com,READ,2024-10-04 07:52:09
QWVYXefAb@mail.ru,READ,2024-10-04 09:17:57
HzQpbwtPYcr@gmail.com,DELETE,2024-10-04 12:51:47
CuKxHq@gmail.com,CREATE,2024-10-04 19:16:37
FTpOweY@gmail.com,CREATE,2024-10-04 13:54:33
CuKxHq@gmail.com,CREATE,2024-10-04 00:05:12
NWZmwZEgnrJXli@mail.ru,CREATE,2024-10-04 15:49:05
HzQpbwtPYcr@gmail.com,DELETE,2024-10-04 14:40:26
FTpOweY@gmail.com,UPDATE,2024-10-04 00:56:37
CuKxHq@gmail.com,CREATE,2024-10-04 15:52:49
wmhpW@mail.ru,DELETE,2024-10-04 12:49:21
FTpOweY@gmail.com,UPDATE,2024-10-04 08:32:04
CuKxHq@gmail.com,UPDATE,2024-10-04 09:05:18
CuKxHq@gmail.com,CREATE,2024-10-04 16:34:08
CuKxHq@gmail.com,DELETE,2024-10-04 07:55:40
HzQpbwtPYcr@gmail.com,DELETE,2024-10-04 05:26:14
dnxjhsHl@ya.ru,CREATE,2024-10-04 04:00:16
QWVYXefAb@mail.ru,DELETE,2024-10-04 01:04:37
CuKxHq@gmail.com,DELETE,2024-10-04 16:26:57
DgRrWUDxRqCuci@ya.ru,DELETE,2024-10-04 23:14:34
QWVYXefAb@mail.ru,UPDATE,2024-10-04 11:39:26
gkDWXlHdos@gmail.com,CREATE,2024-10-04 19:35:19
wmhpW@mail.ru,UPDATE,2024-10-04 02:45:09
gkDWXlHdos@gmail.com,READ,2024-10-04 09:14:35
DgRrWUDxRqCuci@ya.ru,UPDATE,2024-10-04 03:21:48
SDisT@gmail.com,DELETE,2024-10-04 19:10:04
DgRrWUDxRqCuci@ya.ru,CREATE,2024-10-04 14:46:04
SDisT@gmail.com,UPDATE,2024-10-04 22:47:37
FTpOweY@gmail.com,DELETE,2024-10-04 17:32:54
SDisT@gmail.com,READ,2024-10-04 06:43:40
HzQpbwtPYcr@gmail.com,CREATE,2024-10-04 14:55:11
CuKxHq@gmail.com,READ,2024-10-04 17:12:59
gkDWXlHdos@gmail.com,DELETE,2024-10-04 18:50:21
HzQpbwtPYcr@gmail.com,CREATE,2024-10-04 14:24:13
QWVYXefAb@mail.ru,READ,2024-10-04 21:50:00
wmhpW@mail.ru,UPDATE,2024-10-04 11:20:04
HzQpbwtPYcr@gmail.com,UPDATE,2024-10-04 06:03:07
FTpOweY@gmail.com,READ,2024-10-04 01:00:05
NWZmwZEgnrJXli@mail.ru,DELETE,2024-10-04 22:46:37
DgRrWUDxRqCuci@ya.ru,CREATE,2024-10-04 08:34:07
HzQpbwtPYcr@gmail.com,CREATE,2024-10-04 23:51:03
DgRrWUDxRqCuci@ya.ru,READ,2024-10-04 21:46:34
NWZmwZEgnrJXli@mail.ru,CREATE,2024-10-04 13:38:36
CuKxHq@gmail.com,DELETE,2024-10-04 22:35:35
FTpOweY@gmail.com,UPDATE,2024-10-04 04:37:32
DgRrWUDxRqCuci@ya.ru,READ,2024-10-04 23:24:27
dnxjhsHl@ya.ru,DELETE,2024-10-04 21:13:47
DgRrWUDxRqCuci@ya.ru,DELETE,2024-10-04 18:07:01
QWVYXefAb@mail.ru,DELETE,2024-10-04 02:31:24
FTpOweY@gmail.com,CREATE,2024-10-04 08:21:06
wmhpW@mail.ru,UPDATE,2024-10-04 04:01:56
HzQpbwtPYcr@gmail.com,CREATE,2024-10-04 06:44:48
NWZmwZEgnrJXli@mail.ru,UPDATE,2024-10-04 10:43:57
QWVYXefAb@mail.ru,READ,2024-10-04 05:39:46
DgRrWUDxRqCuci@ya.ru,UPDATE,2024-10-04 12:27:02
DgRrWUDxRqCuci@ya.ru,READ,2024-10-04 06:12:16
QWVYXefAb@mail.ru,UPDATE,2024-10-04 05:04:12
wmhpW@mail.ru,UPDATE,2024-10-04 23:07:18
HzQpbwtPYcr@gmail.com,DELETE,2024-10-04 02:58:49
dnxjhsHl@ya.ru,CREATE,2024-10-04 21:09:58
HzQpbwtPYcr@gmail.com,DELETE,2024-10-04 23:46:11
NWZmwZEgnrJXli@mail.ru,CREATE,2024-10-04 15:39:38
wmhpW@mail.ru,UPDATE,2024-10-04 04:39:55
SDisT@gmail.com,DELETE,2024-10-04 13:05:36
SDisT@gmail.com,DELETE,2024-10-04 07:23:40
SDisT@gmail.com,DELETE,2024-10-04 02:31:16
wmhpW@mail.ru,CREATE,2024-10-04 15:28:51
DgRrWUDxRqCuci@ya.ru,CREATE,2024-10-04 23:45:06
DgRrWUDxRqCuci@ya.ru,UPDATE,2024-10-04 16:09:11
CuKxHq@gmail.com,CREATE,2024-10-04 04:41:37
QWVYXefAb@mail.ru,READ,2024-10-04 10:32:26
gkDWXlHdos@gmail.com,READ,2024-10-04 11:03:18
QWVYXefAb@mail.ru,DELETE,2024-10-04 02:11:27
wmhpW@mail.ru,READ,2024-10-04 22:21:02
DgRrWUDxRqCuci@ya.ru,CREATE,2024-10-04 22:42:50
FTpOweY@gmail.com,READ,2024-10-04 00:57:37
NWZmwZEgnrJXli@mail.ru,CREATE,2024-10-04 13:36:51
FTpOweY@gmail.com,DELETE,2024-10-04 17:46:34
wmhpW@mail.ru,DELETE,2024-10-04 23:41:05
FTpOweY@gmail.com,UPDATE,2024-10-04 19:50:55
DgRrWUDxRqCuci@ya.ru,READ,2024-10-04 02:39:27
SDisT@gmail.com,DELETE,2024-10-04 05:13:28
gkDWXlHdos@gmail.com,CREATE,2024-10-04 18:22:02
NWZmwZEgnrJXli@mail.ru,DELETE,2024-10-04 06:17:36
SDisT@gmail.com,UPDATE,2024-10-04 07:06:04
wmhpW@mail.ru,CREATE,2024-10-04 17:03:10
HzQpbwtPYcr@gmail.com,UPDATE,2024-10-04 12:52:06
DgRrWUDxRqCuci@ya.ru,DELETE,2024-10-04 19:50:24
QWVYXefAb@mail.ru,READ,2024-10-04 06:59:10
SDisT@gmail.com,READ,2024-10-04 19:33:44
SDisT@gmail.com,READ,2024-10-04 08:52:21
dnxjhsHl@ya.ru,UPDATE,2024-10-04 04:31:50
FTpOweY@gmail.com,CREATE,2024-10-04 00:46:06
NWZmwZEgnrJXli@mail.ru,DELETE,2024-10-04 00:27:28
DgRrWUDxRqCuci@ya.ru,DELETE,2024-10-04 08:02:47
NWZmwZEgnrJXli@mail.ru,DELETE,2024-10-04 12:28:25
HzQpbwtPYcr@gmail.com,DELETE,2024-10-04 21:23:11
gkDWXlHdos@gmail.com,DELETE,2024-10-04 01:21:56
gkDWXlHdos@gmail.com,CREATE,2024-10-04 04:59:35
NWZmwZEgnrJXli@mail.ru,UPDATE,2024-10-04 22:14:42
DgRrWUDxRqCuci@ya.ru,DELETE,2024-10-04 05:19:38
QWVYXefAb@mail.ru,READ,2024-10-04 06:52:00
gkDWXlHdos@gmail.com,READ,2024-10-04 22:00:49
FTpOweY@gmail.com,READ,2024-10-04 01:39:31
CuKxHq@gmail.com,READ,2024-10-04 07:12:42
SDisT@gmail.com,DELETE,2024-10-04 03:41:17
dnxjhsHl@ya.ru,READ,2024-10-04 20:21:11
CuKxHq@gmail.com,CREATE,2024-10-04 10:41:11
dnxjhsHl@ya.ru,DELETE,2024-10-04 05:22:28
SDisT@gmail.com,DELETE,2024-10-04 20:35:43
DgRrWUDxRqCuci@ya.ru,DELETE,2024-10-04 12:37:06
NWZmwZEgnrJXli@mail.ru,UPDATE,2024-10-04 13:17:19
HzQpbwtPYcr@gmail.com,DELETE,2024-10-04 13:19:14
DgRrWUDxRqCuci@ya.ru,CREATE,2024-10-04 06:18:04
wmhpW@mail.ru,CREATE,2024-10-04 04:39:31
HzQpbwtPYcr@gmail.com,READ,2024-10-04 05:13:26
dnxjhsHl@ya.ru,UPDATE,2024-10-04 00:41:33
QWVYXefAb@mail.ru,UPDATE,2024-10-04 22:30:21
SDisT@gmail.com,DELETE,2024-10-04 05:36:35
wmhpW@mail.ru,READ,2024-10-04 22:10:07
NWZmwZEgnrJXli@mail.ru,UPDATE,2024-10-04 14:14:50
QWVYXefAb@mail.ru,DELETE,2024-10-04 00:46:45
wmhpW@mail.ru,UPDATE,2024-10-04 22:01:02
FTpOweY@gmail.com,DELETE,2024-10-04 21:56:06
gkDWXlHdos@gmail.com,UPDATE,2024-10-04 09:50:04
FTpOweY@gmail.com,DELETE,2024-10-04 00:17:16
dnxjhsHl@ya.ru,UPDATE,2024-10-04 08:08:52
SDisT@gmail.com,READ,2024-10-04 19:59:33
dnxjhsHl@ya.ru,READ,2024-10-04 17:31:54
wmhpW@mail.ru,DELETE,2024-10-04 16:09:06
HzQpbwtPYcr@gmail.com,CREATE,2024-10-04 03:42:29
QWVYXefAb@mail.ru,READ,2024-10-04 21:30:11
HzQpbwtPYcr@gmail.com,READ,2024-10-04 05:04:58
dnxjhsHl@ya.ru,CREATE,2024-10-04 13:27:16
HzQpbwtPYcr@gmail.com,READ,2024-10-04 02:30:53
gkDWXlHdos@gmail.com,UPDATE,2024-10-04 16:53:15
SDisT@gmail.com,DELETE,2024-10-04 21:26:11
SDisT@gmail.com,READ,2024-10-04 11:00:46
FTpOweY@gmail.com,DELETE,2024-10-04 03:12:33
SDisT@gmail.com,UPDATE,2024-10-04 22:55:19
wmhpW@mail.ru,UPDATE,2024-10-04 09:51:50
dnxjhsHl@ya.ru,CREATE,2024-10-04 22:43:10
NWZmwZEgnrJXli@mail.ru,READ,2024-10-04 03:24:25
HzQpbwtPYcr@gmail.com,READ,2024-10-04 23:27:41
CuKxHq@gmail.com,UPDATE,2024-10-04 21:06:52
wmhpW@mail.ru,CREATE,2024-10-04 05:33:42
DgRrWUDxRqCuci@ya.ru,DELETE,2024-10-04 01:22:28
NWZmwZEgnrJXli@mail.ru,READ,2024-10-04 07:05:09
HzQpbwtPYcr@gmail.com,DELETE,2024-10-04 06:11:53
CuKxHq@gmail.com,UPDATE,2024-10-04 03:32:38
SDisT@gmail.com,READ,2024-10-04 05:29:33
wmhpW@mail.ru,UPDATE,2024-10-04 21:06:51
wmhpW@mail.ru,UPDATE,2024-10-04 10:27:53
dnxjhsHl@ya.ru,CREATE,2024-10-04 11:55:04
gkDWXlHdos@gmail.com,DELETE,2024-10-04 13:44:31
gkDWXlHdos@gmail.com,DELETE,2024-10-04 19:14:55
dnxjhsHl@ya.ru,CREATE,2024-10-04 00:32:39
CuKxHq@gmail.com,UPDATE,2024-10-04 11:21:53
wmhpW@mail.ru,DELETE,2024-10-04 14:39:15
gkDWXlHdos@gmail.com,CREATE,2024-10-04 21:00:27
NWZmwZEgnrJXli@mail.ru,CREATE,2024-10-04 07:11:24
gkDWXlHdos@gmail.com,DELETE,2024-10-04 20:03:26
gkDWXlHdos@gmail.com,READ,2024-10-04 02:47:43
dnxjhsHl@ya.ru,DELETE,2024-10-04 18:35:55
SDisT@gmail.com,CREATE,2024-10-04 01:31:04
HzQpbwtPYcr@gmail.com,UPDATE,2024-10-04 19:36:53
QWVYXefAb@mail.ru,CREATE,2024-10-04 10:03:56
NWZmwZEgnrJXli@mail.ru,DELETE,2024-10-04 15:57:25
DgRrWUDxRqCuci@ya.ru,UPDATE,2024-10-04 07:41:35
DgRrWUDxRqCuci@ya.ru,UPDATE,2024-10-04 15:36:45
FTpOweY@gmail.com,CREATE,2024-10-04 07:54:39
dnxjhsHl@ya.ru,READ,2024-10-04 13:49:50
gkDWXlHdos@gmail.com,CREATE,2024-10-04 03:03:56
CuKxHq@gmail.com,DELETE,2024-10-04 07:18:38
wmhpW@mail.ru,UPDATE,2024-10-04 20:03:42
SDisT@gmail.com,READ,2024-10-04 23:07:21
FTpOweY@gmail.com,CREATE,2024-10-04 23:38:52
dnxjhsHl@ya.ru,UPDATE,2024-10-04 00:25:17
QWVYXefAb@mail.ru,READ,2024-10-04 14:39:49
FTpOweY@gmail.com,UPDATE,2024-10-04 02:17:50
FTpOweY@gmail.com,UPDATE,2024-10-04 03:11:18
HzQpbwtPYcr@gmail.com,CREATE,2024-10-04 22:21:37
dnxjhsHl@ya.ru,CREATE,2024-10-04 09:47:42
CuKxHq@gmail.com,UPDATE,2024-10-04 16:41:03
CuKxHq@gmail.com,CREATE,2024-10-04 16:44:24
NWZmwZEgnrJXli@mail.ru,UPDATE,2024-10-04 23:03:17
wmhpW@mail.ru,CREATE,2024-10-04 14:45:44
FTpOweY@gmail.com,DELETE,2024-10-04 16:09:23
HzQpbwtPYcr@gmail.com,READ,2024-10-04 20:40:02
SDisT@gmail.com,CREATE,2024-10-04 06:59:15
dnxjhsHl@ya.ru,CREATE,2024-10-04 08:11:56
SDisT@gmail.com,READ,2024-10-04 19:42:05
QWVYXefAb@mail.ru,READ,2024-10-04 20:52:23
dnxjhsHl@ya.ru,DELETE,2024-10-04 17:42:33
CuKxHq@gmail.com,DELETE,2024-10-04 15:24:37
CuKxHq@gmail.com,UPDATE,2024-10-04 22:37:05
dnxjhsHl@ya.ru,CREATE,2024-10-04 21:40:13
wmhpW@mail.ru,UPDATE,2024-10-04 08:35:07
wmhpW@mail.ru,DELETE,2024-10-04 16:37:30
CuKxHq@gmail.com,CREATE,2024-10-04 09:17:45
CuKxHq@gmail.com,DELETE,2024-10-04 03:46:07
SDisT@gmail.com,UPDATE,2024-10-04 13:18:18
DgRrWUDxRqCuci@ya.ru,UPDATE,2024-10-04 13:25:57
NWZmwZEgnrJXli@mail.ru,DELETE,2024-10-04 00:02:30
FTpOweY@gmail.com,DELETE,2024-10-04 07:43:14
wmhpW@mail.ru,READ,2024-10-04 17:00:59
gkDWXlHdos@gmail.com,UPDATE,2024-10-04 19:48:55
SDisT@gmail.com,READ,2024-10-04 01:26:46
FTpOweY@gmail.com,CREATE,2024-10-04 06:26:32
NWZmwZEgnrJXli@mail.ru,DELETE,2024-10-04 17:29:36
gkDWXlHdos@gmail.com,DELETE,2024-10-04 20:49:49
gkDWXlHdos@gmail.com,UPDATE,2024-10-04 16:30:56
SDisT@gmail.com,UPDATE,2024-10-04 14:35:02
HzQpbwtPYcr@gmail.com,CREATE,2024-10-04 07:29:37
gkDWXlHdos@gmail.com,DELETE,2024-10-04 19:48:50
wmhpW@mail.ru,CREATE,2024-10-04 09:42:43
QWVYXefAb@mail.ru,READ,2024-10-04 06:03:06
DgRrWUDxRqCuci@ya.ru,READ,2024-10-04 00:14:56
NWZmwZEgnrJXli@mail.ru,READ,2024-10-04 19:26:40
dnxjhsHl@ya.ru,DELETE,2024-10-04 03:38:20
DgRrWUDxRqCuci@ya.ru,DELETE,2024-10-04 13:45:16
QWVYXefAb@mail.ru,READ,2024-10-04 06:11:25
CuKxHq@gmail.com,READ,2024-10-04 10:17:53
QWVYXefAb@mail.ru,CREATE,2024-10-04 00:18:17
dnxjhsHl@ya.ru,CREATE,2024-10-04 22:57:22
CuKxHq@gmail.com,CREATE,2024-10-04 12:11:54
DgRrWUDxRqCuci@ya.ru,READ,2024-10-04 11:02:46
CuKxHq@gmail.com,UPDATE,2024-10-04 15:02:38
DgRrWUDxRqCuci@ya.ru,READ,2024-10-04 09:28:40
CuKxHq@gmail.com,READ,2024-10-04 05:08:02
HzQpbwtPYcr@gmail.com,DELETE,2024-10-04 19:35:40
wmhpW@mail.ru,CREATE,2024-10-04 18:05:29
dnxjhsHl@ya.ru,CREATE,2024-10-04 18:59:46
wmhpW@mail.ru,UPDATE,2024-10-04 23:37:13
NWZmwZEgnrJXli@mail.ru,DELETE,2024-10-04 19:19:26
DgRrWUDxRqCuci@ya.ru,DELETE,2024-10-04 11:25:04
SDisT@gmail.com,UPDATE,2024-10-04 14:58:20
gkDWXlHdos@gmail.com,UPDATE,2024-10-04 20:20:03
gkDWXlHdos@gmail.com,DELETE,2024-10-04 20:42:27
HzQpbwtPYcr@gmail.com,READ,2024-10-04 14:24:00
HzQpbwtPYcr@gmail.com,CREATE,2024-10-04 21:59:38
wmhpW@mail.ru,CREATE,2024-10-04 04:42:40
wmhpW@mail.ru,READ,2024-10-04 02:49:45
CuKxHq@gmail.com,UPDATE,2024-10-04 01:32:56
DgRrWUDxRqCuci@ya.ru,READ,2024-10-04 06:43:29
SDisT@gmail.com,READ,2024-10-04 18:04:39
dnxjhsHl@ya.ru,READ,2024-10-04 04:56:11
FTpOweY@gmail.com,DELETE,2024-10-04 23:21:47
CuKxHq@gmail.com,CREATE,2024-10-04 16:10:03
wmhpW@mail.ru,DELETE,2024-10-04 10:29:37
dnxjhsHl@ya.ru,DELETE,2024-10-04 02:22:57
dnxjhsHl@ya.ru,DELETE,2024-10-04 00:44:59
NWZmwZEgnrJXli@mail.ru,UPDATE,2024-10-04 21:00:44
FTpOweY@gmail.com,UPDATE,2024-10-04 14:12:55
SDisT@gmail.com,DELETE,2024-10-04 10:19:33
CuKxHq@gmail.com,READ,2024-10-04 13:12:00
CuKxHq@gmail.com,CREATE,2024-10-04 06:10:18
gkDWXlHdos@gmail.com,READ,2024-10-04 04:33:30
HzQpbwtPYcr@gmail.com,DELETE,2024-10-04 15:04:05
gkDWXlHdos@gmail.com,UPDATE,2024-10-04 12:36:00
NWZmwZEgnrJXli@mail.ru,READ,2024-10-04 03:34:51
NWZmwZEgnrJXli@mail.ru,READ,2024-10-04 21:30:25
gkDWXlHdos@gmail.com,READ,2024-10-04 09:53:36
QWVYXefAb@mail.ru,DELETE,2024-10-04 16:53:53
HzQpbwtPYcr@gmail.com,UPDATE,2024-10-04 12:52:37
dnxjhsHl@ya.ru,UPDATE,2024-10-04 12:54:23
gkDWXlHdos@gmail.com,CREATE,2024-10-04 01:30:50
NWZmwZEgnrJXli@mail.ru,CREATE,2024-10-04 21:50:24
CuKxHq@gmail.com,DELETE,2024-10-04 22:07:34
dnxjhsHl@ya.ru,UPDATE,2024-10-04 06:13:12
CuKxHq@gmail.com,READ,2024-10-04 12:54:12
wmhpW@mail.ru,UPDATE,2024-10-04 06:26:57
CuKxHq@gmail.com,UPDATE,2024-10-04 20:23:01
FTpOweY@gmail.com,CREATE,2024-10-04 11:53:48
wmhpW@mail.ru,UPDATE,2024-10-04 18:45:19
gkDWXlHdos@gmail.com,UPDATE,2024-10-04 16:22:56
gkDWXlHdos@gmail.com,CREATE,2024-10-04 00:11:00
SDisT@gmail.com,DELETE,2024-10-04 02:06:36
NWZmwZEgnrJXli@mail.ru,UPDATE,2024-10-04 11:34:41
SDisT@gmail.com,DELETE,2024-10-04 15:59:00
FTpOweY@gmail.com,CREATE,2024-10-04 15:09:43
DgRrWUDxRqCuci@ya.ru,UPDATE,2024-10-04 09:28:40
SDisT@gmail.com,READ,2024-10-04 20:22:47
dnxjhsHl@ya.ru,READ,2024-10-04 05:04:24
QWVYXefAb@mail.ru,CREATE,2024-10-04 14:43:48
dnxjhsHl@ya.ru,READ,2024-10-04 08:04:45
gkDWXlHdos@gmail.com,CREATE,2024-10-04 07:15:11
wmhpW@mail.ru,CREATE,2024-10-04 20:57:51
dnxjhsHl@ya.ru,READ,2024-10-04 05:59:55
QWVYXefAb@mail.ru,UPDATE,2024-10-04 05:20:25
FTpOweY@gmail.com,DELETE,2024-10-04 10:39:12
dnxjhsHl@ya.ru,CREATE,2024-10-04 02:12:15
wmhpW@mail.ru,UPDATE,2024-10-04 10:42:05
NWZmwZEgnrJXli@mail.ru,UPDATE,2024-10-04 11:48:56
wmhpW@mail.ru,UPDATE,2024-10-04 17:36:07
HzQpbwtPYcr@gmail.com,DELETE,2024-10-04 09:36:02
dnxjhsHl@ya.ru,READ,2024-10-04 12:12:19
dnxjhsHl@ya.ru,CREATE,2024-10-04 08:44:41
HzQpbwtPYcr@gmail.com,CREATE,2024-10-04 15:28:00
gkDWXlHdos@gmail.com,UPDATE,2024-10-04 03:56:29
gkDWXlHdos@gmail.com,READ,2024-10-04 23:30:42
CuKxHq@gmail.com,UPDATE,2024-10-04 04:16:21
dnxjhsHl@ya.ru,UPDATE,2024-10-04 17:26:16
gkDWXlHdos@gmail.com,READ,2024-10-04 13:24:12
HzQpbwtPYcr@gmail.com,DELETE,2024-10-04 00:22:55
SDisT@gmail.com,UPDATE,2024-10-04 06:41:43
QWVYXefAb@mail.ru,UPDATE,2024-10-04 23:24:53
QWVYXefAb@mail.ru,CREATE,2024-10-04 18:10:20
HzQpbwtPYcr@gmail.com,UPDATE,2024-10-04 04:53:29
DgRrWUDxRqCuci@ya.ru,CREATE,2024-10-04 06:02:08
gkDWXlHdos@gmail.com,READ,2024-10-04 02:06:05
gkDWXlHdos@gmail.com,DELETE,2024-10-04 03:35:15
dnxjhsHl@ya.ru,READ,2024-10-04 12:52:34
QWVYXefAb@mail.ru,READ,2024-10-04 03:16:22
DgRrWUDxRqCuci@ya.ru,DELETE,2024-10-04 09:14:39
gkDWXlHdos@gmail.com,DELETE,2024-10-04 01:51:42
dnxjhsHl@ya.ru,CREATE,2024-10-04 11:02:02
SDisT@gmail.com,DELETE,2024-10-04 09:58:29
gkDWXlHdos@gmail.com,CREATE,2024-10-04 09:24:45
gkDWXlHdos@gmail.com,CREATE,2024-10-04 17:09:05
HzQpbwtPYcr@gmail.com,UPDATE,2024-10-04 23:14:42
FTpOweY@gmail.com,DELETE,2024-10-04 06:44:58
NWZmwZEgnrJXli@mail.ru,CREATE,2024-10-04 08:22:26
wmhpW@mail.ru,DELETE,2024-10-04 13:03:07
NWZmwZEgnrJXli@mail.ru,CREATE,2024-10-04 04:25:55
FTpOweY@gmail.com,READ,2024-10-04 18:42:49
wmhpW@mail.ru,READ,2024-10-04 17:06:04
QWVYXefAb@mail.ru,READ,2024-10-04 15:42:01
wmhpW@mail.ru,CREATE,2024-10-04 11:37:52
dnxjhsHl@ya.ru,CREATE,2024-10-04 15:40:21
FTpOweY@gmail.com,UPDATE,2024-10-04 07:02:53
gkDWXlHdos@gmail.com,READ,2024-10-04 14:07:15
HzQpbwtPYcr@gmail.com,DELETE,2024-10-04 18:53:18
CuKxHq@gmail.com,CREATE,2024-10-04 16:03:02
DgRrWUDxRqCuci@ya.ru,DELETE,2024-10-04 06:02:58
dnxjhsHl@ya.ru,CREATE,2024-10-04 20:01:16
dnxjhsHl@ya.ru,UPDATE,2024-10-04 09:26:47
gkDWXlHdos@gmail.com,CREATE,2024-10-04 19:59:45
FTpOweY@gmail.com,READ,2024-10-04 09:20:10
FTpOweY@gmail.com,DELETE,2024-10-04 05:19:27
DgRrWUDxRqCuci@ya.ru,UPDATE,2024-10-04 14:03:24
CuKxHq@gmail.com,CREATE,2024-10-04 10:18:04
DgRrWUDxRqCuci@ya.ru,READ,2024-10-04 06:11:17
CuKxHq@gmail.com,READ,2024-10-04 14:13:50
NWZmwZEgnrJXli@mail.ru,UPDATE,2024-10-04 21:04:01
dnxjhsHl@ya.ru,CREATE,2024-10-04 07:54:41
NWZmwZEgnrJXli@mail.ru,READ,2024-10-04 03:30:29
HzQpbwtPYcr@gmail.com,CREATE,2024-10-04 14:22:58
SDisT@gmail.com,UPDATE,2024-10-04 00:45:46
FTpOweY@gmail.com,UPDATE,2024-10-04 20:36:16
dnxjhsHl@ya.ru,DELETE,2024-10-04 18:38:34
gkDWXlHdos@gmail.com,READ,2024-10-04 00:39:14
wmhpW@mail.ru,UPDATE,2024-10-04 17:01:59
dnxjhsHl@ya.ru,READ,2024-10-04 02:16:49
CuKxHq@gmail.com,READ,2024-10-04 00:50:18
HzQpbwtPYcr@gmail.com,CREATE,2024-10-04 20:14:38
HzQpbwtPYcr@gmail.com,CREATE,2024-10-04 11:15:38
wmhpW@mail.ru,UPDATE,2024-10-04 02:04:01
SDisT@gmail.com,CREATE,2024-10-04 13:25:59
dnxjhsHl@ya.ru,UPDATE,2024-10-04 23:19:05
wmhpW@mail.ru,READ,2024-10-04 10:21:23
DgRrWUDxRqCuci@ya.ru,DELETE,2024-10-04 09:34:11
SDisT@gmail.com,UPDATE,2024-10-04 14:17:37
NWZmwZEgnrJXli@mail.ru,DELETE,2024-10-04 01:32:40
QWVYXefAb@mail.ru,CREATE,2024-10-04 15:33:32
SDisT@gmail.com,READ,2024-10-04 01:31:29
FTpOweY@gmail.com,CREATE,2024-10-04 00:06:40
dnxjhsHl@ya.ru,DELETE,2024-10-04 03:10:21
NWZmwZEgnrJXli@mail.ru,READ,2024-10-04 05:22:33
FTpOweY@gmail.com,DELETE,2024-10-04 13:36:07
NWZmwZEgnrJXli@mail.ru,CREATE,2024-10-04 05:55:03
QWVYXefAb@mail.ru,DELETE,2024-10-04 16:23:40
QWVYXefAb@mail.ru,DELETE,2024-10-04 10:52:56
DgRrWUDxRqCuci@ya.ru,DELETE,2024-10-04 02:50:43
DgRrWUDxRqCuci@ya.ru,CREATE,2024-10-04 14:13:00
dnxjhsHl@ya.ru,CREATE,2024-10-04 06:12:59
DgRrWUDxRqCuci@ya.ru,DELETE,2024-10-04 10:59:57
FTpOweY@gmail.com,UPDATE,2024-10-04 19:06:07
HzQpbwtPYcr@gmail.com,DELETE,2024-10-04 09:40:48
gkDWXlHdos@gmail.com,READ,2024-10-04 01:07:18
QWVYXefAb@mail.ru,DELETE,2024-10-04 08:37:04
gkDWXlHdos@gmail.com,UPDATE,2024-10-04 12:18:28
dnxjhsHl@ya.ru,READ,2024-10-04 19:31:40
dnxjhsHl@ya.ru,DELETE,2024-10-04 03:23:11
wmhpW@mail.ru,UPDATE,2024-10-04 20:32:58
NWZmwZEgnrJXli@mail.ru,DELETE,2024-10-04 01:05:27
FTpOweY@gmail.com,CREATE,2024-10-04 21:29:46
NWZmwZEgnrJXli@mail.ru,READ,2024-10-04 21:23:42
CuKxHq@gmail.com,DELETE,2024-10-04 01:43:33
dnxjhsHl@ya.ru,DELETE,2024-10-04 02:57:40
FTpOweY@gmail.com,READ,2024-10-04 17:17:59
DgRrWUDxRqCuci@ya.ru,UPDATE,2024-10-04 18:50:35
NWZmwZEgnrJXli@mail.ru,DELETE,2024-10-04 09:18:12
QWVYXefAb@mail.ru,UPDATE,2024-10-04 11:16:40
wmhpW@mail.ru,CREATE,2024-10-04 18:01:01
HzQpbwtPYcr@gmail.com,CREATE,2024-10-04 07:20:37
gkDWXlHdos@gmail.com,DELETE,2024-10-04 00:18:44
gkDWXlHdos@gmail.com,CREATE,2024-10-04 17:53:20
wmhpW@mail.ru,UPDATE,2024-10-04 19:23:56
gkDWXlHdos@gmail.com,READ,2024-10-04 15:05:15
gkDWXlHdos@gmail.com,READ,2024-10-04 18:47:32
FTpOweY@gmail.com,UPDATE,2024-10-04 00:30:05
QWVYXefAb@mail.ru,READ,2024-10-04 01:22:29
DgRrWUDxRqCuci@ya.ru,DELETE,2024-10-04 03:16:04
NWZmwZEgnrJXli@mail.ru,UPDATE,2024-10-04 16:21:12
QWVYXefAb@mail.ru,CREATE,2024-10-04 17:55:22
SDisT@gmail.com,DELETE,2024-10-04 12:50:50
FTpOweY@gmail.com,READ,2024-10-04 15:19:40
QWVYXefAb@mail.ru,UPDATE,2024-10-04 08:42:11
QWVYXefAb@mail.ru,READ,2024-10-04 22:14:09
dnxjhsHl@ya.ru,CREATE,2024-10-04 22:09:26
FTpOweY@gmail.com,CREATE,2024-10-04 19:40:32
NWZmwZEgnrJXli@mail.ru,DELETE,2024-10-04 23:46:21
QWVYXefAb@mail.ru,CREATE,2024-10-04 12:27:29
QWVYXefAb@mail.ru,UPDATE,2024-10-04 20:04:23
wmhpW@mail.ru,UPDATE,2024-10-04 09:38:44
SDisT@gmail.com,CREATE,2024-10-04 15:41:01
HzQpbwtPYcr@gmail.com,UPDATE,2024-10-04 04:44:50
DgRrWUDxRqCuci@ya.ru,UPDATE,2024-10-04 13:54:39
wmhpW@mail.ru,CREATE,2024-10-04 23:15:05
gkDWXlHdos@gmail.com,CREATE,2024-10-04 23:56:12
gkDWXlHdos@gmail.com,UPDATE,2024-10-04 04:41:43
SDisT@gmail.com,UPDATE,2024-10-04 19:17:21
wmhpW@mail.ru,UPDATE,2024-10-04 08:22:21
FTpOweY@gmail.com,CREATE,2024-10-04 05:15:24
dnxjhsHl@ya.ru,UPDATE,2024-10-04 17:59:02
wmhpW@mail.ru,CREATE,2024-10-04 08:13:45
CuKxHq@gmail.com,READ,2024-10-04 23:50:42
wmhpW@mail.ru,UPDATE,2024-10-04 23:16:48
DgRrWUDxRqCuci@ya.ru,READ,2024-10-04 20:00:53
dnxjhsHl@ya.ru,READ,2024-10-04 13:23:38
FTpOweY@gmail.com,READ,2024-10-04 02:18:20
wmhpW@mail.ru,UPDATE,2024-10-04 12:32:45
DgRrWUDxRqCuci@ya.ru,DELETE,2024-10-04 23:33:24
DgRrWUDxRqCuci@ya.ru,UPDATE,2024-10-04 17:20:19
CuKxHq@gmail.com,UPDATE,2024-10-04 06:38:22
QWVYXefAb@mail.ru,CREATE,2024-10-04 19:24:10
HzQpbwtPYcr@gmail.com,UPDATE,2024-10-04 15:10:39
gkDWXlHdos@gmail.com,READ,2024-10-04 12:38:56
HzQpbwtPYcr@gmail.com,DELETE,2024-10-04 21:22:45
wmhpW@mail.ru,DELETE,2024-10-04 14:32:41
FTpOweY@gmail.com,UPDATE,2024-10-04 16:03:25
gkDWXlHdos@gmail.com,UPDATE,2024-10-04 13:13:12
gkDWXlHdos@gmail.com,DELETE,2024-10-04 06:24:30
FTpOweY@gmail.com,CREATE,2024-10-04 22:32:33
QWVYXefAb@mail.ru,CREATE,2024-10-04 07:36:34
CuKxHq@gmail.com,DELETE,2024-10-04 21:03:06
CuKxHq@gmail.com,CREATE,2024-10-04 07:15:30
CuKxHq@gmail.com,UPDATE,2024-10-04 00:25:06
NWZmwZEgnrJXli@mail.ru,DELETE,2024-10-04 12:41:25
wmhpW@mail.ru,CREATE,2024-10-04 11:02:58
HzQpbwtPYcr@gmail.com,DELETE,2024-10-04 19:41:28
dnxjhsHl@ya.ru,DELETE,2024-10-04 16:41:17
HzQpbwtPYcr@gmail.com,READ,2024-10-04 08:43:34
gkDWXlHdos@gmail.com,DELETE,2024-10-04 00:42:55
FTpOweY@gmail.com,CREATE,2024-10-04 04:17:27
DgRrWUDxRqCuci@ya.ru,READ,2024-10-04 18:22:09
FTpOweY@gmail.com,CREATE,2024-10-04 12:26:42
NWZmwZEgnrJXli@mail.ru,CREATE,2024-10-04 06:09:03
NWZmwZEgnrJXli@mail.ru,UPDATE,2024-10-04 09:34:59
SDisT@gmail.com,DELETE,2024-10-04 08:16:07
HzQpbwtPYcr@gmail.com,UPDATE,2024-10-04 22:59:06
QWVYXefAb@mail.ru,DELETE,2024-10-04 12:12:32
wmhpW@mail.ru,READ,2024-10-04 20:39:47
wmhpW@mail.ru,CREATE,2024-10-04 08:33:01
dnxjhsHl@ya.ru,UPDATE,2024-10-04 07:55:52
dnxjhsHl@ya.ru,CREATE,2024-10-04 04:10:38
NWZmwZEgnrJXli@mail.ru,CREATE,2024-10-04 07:43:32
dnxjhsHl@ya.ru,UPDATE,2024-10-04 02:48:34
FTpOweY@gmail.com,DELETE,2024-10-04 01:41:19
SDisT@gmail.com,UPDATE,2024-10-04 22:15:41
NWZmwZEgnrJXli@mail.ru,READ,2024-10-04 10:55:24
DgRrWUDxRqCuci@ya.ru,READ,2024-10-04 03:32:10
gkDWXlHdos@gmail.com,CREATE,2024-10-04 03:49:11
gkDWXlHdos@gmail.com,DELETE,2024-10-04 16:16:54
dnxjhsHl@ya.ru,UPDATE,2024-10-04 18:06:37
CuKxHq@gmail.com,DELETE,2024-10-04 03:16:45
NWZmwZEgnrJXli@mail.ru,DELETE,2024-10-04 15:26:31
wmhpW@mail.ru,DELETE,2024-10-04 18:37:02
FTpOweY@gmail.com,UPDATE,2024-10-04 21:07:01
HzQpbwtPYcr@gmail.com,DELETE,2024-10-04 20:13:41
wmhpW@mail.ru,CREATE,2024-10-04 20:08:50
CuKxHq@gmail.com,READ,2024-10-04 21:35:36
DgRrWUDxRqCuci@ya.ru,UPDATE,2024-10-04 17:51:50
CuKxHq@gmail.com,CREATE,2024-10-04 21:06:46
gkDWXlHdos@gmail.com,DELETE,2024-10-04 14:46:52
FTpOweY@gmail.com,CREATE,2024-10-04 07:51:50
NWZmwZEgnrJXli@mail.ru,CREATE,2024-10-04 11:26:27
dnxjhsHl@ya.ru,CREATE,2024-10-04 16:08:43
NWZmwZEgnrJXli@mail.ru,DELETE,2024-10-04 14:27:21
NWZmwZEgnrJXli@mail.ru,CREATE,2024-10-04 21:54:49
CuKxHq@gmail.com,UPDATE,2024-10-04 23:12:55
NWZmwZEgnrJXli@mail.ru,UPDATE,2024-10-04 14:20:23
FTpOweY@gmail.com,READ,2024-10-04 12:57:58
CuKxHq@gmail.com,CREATE,2024-10-04 06:33:07
dnxjhsHl@ya.ru,READ,2024-10-04 12:20:26
NWZmwZEgnrJXli@mail.ru,CREATE,2024-10-04 11:50:03
QWVYXefAb@mail.ru,DELETE,2024-10-04 02:24:53
SDisT@gmail.com,DELETE,2024-10-04 01:23:23
NWZmwZEgnrJXli@mail.ru,DELETE,2024-10-04 21:34:13
CuKxHq@gmail.com,READ,2024-10-04 18:51:00
wmhpW@mail.ru,READ,2024-10-04 21:59:52
NWZmwZEgnrJXli@mail.ru,UPDATE,2024-10-04 15:38:15
FTpOweY@gmail.com,CREATE,2024-10-04 18:47:07
wmhpW@mail.ru,CREATE,2024-10-04 02:45:51
DgRrWUDxRqCuci@ya.ru,READ,2024-10-04 02:41:25
SDisT@gmail.com,CREATE,2024-10-04 23:16:26
QWVYXefAb@mail.ru,READ,2024-10-04 04:57:52
HzQpbwtPYcr@gmail.com,UPDATE,2024-10-04 09:25:17
FTpOweY@gmail.com,READ,2024-10-04 21:27:11
HzQpbwtPYcr@gmail.com,CREATE,2024-10-04 18:52:55
SDisT@gmail.com,CREATE,2024-10-04 14:34:23
QWVYXefAb@mail.ru,UPDATE,2024-10-04 00:31:39
FTpOweY@gmail.com,DELETE,2024-10-04 11:21:14
FTpOweY@gmail.com,UPDATE,2024-10-04 06:35:17
HzQpbwtPYcr@gmail.com,DELETE,2024-10-04 11:18:41
gkDWXlHdos@gmail.com,DELETE,2024-10-04 21:19:15
dnxjhsHl@ya.ru,CREATE,2024-10-04 16:18:04
dnxjhsHl@ya.ru,UPDATE,2024-10-04 10:48:18
DgRrWUDxRqCuci@ya.ru,CREATE,2024-10-04 19:47:30
SDisT@gmail.com,DELETE,2024-10-04 04:35:29
QWVYXefAb@mail.ru,DELETE,2024-10-04 23:19:45
gkDWXlHdos@gmail.com,DELETE,2024-10-04 17:52:01
NWZmwZEgnrJXli@mail.ru,DELETE,2024-10-04 02:11:20
QWVYXefAb@mail.ru,DELETE,2024-10-04 00:26:30
QWVYXefAb@mail.ru,CREATE,2024-10-04 08:23:08
SDisT@gmail.com,CREATE,2024-10-04 13:07:53
SDisT@gmail.com,UPDATE,2024-10-04 09:34:46
HzQpbwtPYcr@gmail.com,DELETE,2024-10-04 09:34:14
QWVYXefAb@mail.ru,DELETE,2024-10-04 19:43:05
SDisT@gmail.com,CREATE,2024-10-04 10:39:11
QWVYXefAb@mail.ru,CREATE,2024-10-04 04:19:45
SDisT@gmail.com,READ,2024-10-04 09:34:53
SDisT@gmail.com,CREATE,2024-10-04 11:47:06
gkDWXlHdos@gmail.com,UPDATE,2024-10-04 03:06:53
FTpOweY@gmail.com,READ,2024-10-04 13:46:09
QWVYXefAb@mail.ru,READ,2024-10-04 18:20:55
dnxjhsHl@ya.ru,CREATE,2024-10-04 13:58:06
QWVYXefAb@mail.ru,READ,2024-10-04 15:15:19
gkDWXlHdos@gmail.com,DELETE,2024-10-04 11:23:40
SDisT@gmail.com,READ,2024-10-04 15:34:54
HzQpbwtPYcr@gmail.com,DELETE,2024-10-04 03:41:43
HzQpbwtPYcr@gmail.com,CREATE,2024-10-04 08:02:50
DgRrWUDxRqCuci@ya.ru,CREATE,2024-10-04 02:11:28
wmhpW@mail.ru,DELETE,2024-10-04 10:31:59
QWVYXefAb@mail.ru,READ,2024-10-04 20:10:51
DgRrWUDxRqCuci@ya.ru,READ,2024-10-04 20:19:46
CuKxHq@gmail.com,DELETE,2024-10-04 04:35:03
NWZmwZEgnrJXli@mail.ru,CREATE,2024-10-04 08:47:26
DgRrWUDxRqCuci@ya.ru,CREATE,2024-10-04 14:24:43
FTpOweY@gmail.com,CREATE,2024-10-04 09:55:59
CuKxHq@gmail.com,READ,2024-10-04 00:45:33
NWZmwZEgnrJXli@mail.ru,DELETE,2024-10-04 09:59:00
FTpOweY@gmail.com,READ,2024-10-04 07:10:48
gkDWXlHdos@gmail.com,READ,2024-10-04 20:56:18
gkDWXlHdos@gmail.com,DELETE,2024-10-04 00:14:04
NWZmwZEgnrJXli@mail.ru,CREATE,2024-10-04 16:21:05
wmhpW@mail.ru,READ,2024-10-04 00:31:42
CuKxHq@gmail.com,CREATE,2024-10-04 20:39:38
FTpOweY@gmail.com,READ,2024-10-04 20:03:11
gkDWXlHdos@gmail.com,CREATE,2024-10-04 20:59:31
HzQpbwtPYcr@gmail.com,DELETE,2024-10-04 22:50:22
wmhpW@mail.ru,READ,2024-10-04 09:53:02
NWZmwZEgnrJXli@mail.ru,READ,2024-10-04 17:55:59
gkDWXlHdos@gmail.com,READ,2024-10-04 15:35:36
NWZmwZEgnrJXli@mail.ru,CREATE,2024-10-04 15:39:18
NWZmwZEgnrJXli@mail.ru,READ,2024-10-04 23:42:39
NWZmwZEgnrJXli@mail.ru,READ,2024-10-04 05:49:08
gkDWXlHdos@gmail.com,READ,2024-10-04 08:48:24
QWVYXefAb@mail.ru,CREATE,2024-10-04 19:35:42
CuKxHq@gmail.com,READ,2024-10-04 00:17:29
HzQpbwtPYcr@gmail.com,READ,2024-10-04 19:48:31
FTpOweY@gmail.com,UPDATE,2024-10-04 10:10:10
NWZmwZEgnrJXli@mail.ru,UPDATE,2024-10-04 22:37:04
HzQpbwtPYcr@gmail.com,READ,2024-10-04 22:19:37
HzQpbwtPYcr@gmail.com,CREATE,2024-10-04 01:45:15
SDisT@gmail.com,DELETE,2024-10-04 14:06:21
SDisT@gmail.com,READ,2024-10-04 12:36:24
DgRrWUDxRqCuci@ya.ru,UPDATE,2024-10-04 15:13:35
CuKxHq@gmail.com,DELETE,2024-10-04 00:37:51
QWVYXefAb@mail.ru,READ,2024-10-04 18:38:53
CuKxHq@gmail.com,READ,2024-10-04 13:21:28
SDisT@gmail.com,CREATE,2024-10-04 15:47:29
DgRrWUDxRqCuci@ya.ru,UPDATE,2024-10-04 18:14:13
NWZmwZEgnrJXli@mail.ru,CREATE,2024-10-04 19:13:26
SDisT@gmail.com,READ,2024-10-04 03:42:19
NWZmwZEgnrJXli@mail.ru,DELETE,2024-10-04 00:23:37
FTpOweY@gmail.com,READ,2024-10-04 08:18:45
NWZmwZEgnrJXli@mail.ru,READ,2024-10-04 19:01:10
gkDWXlHdos@gmail.com,CREATE,2024-10-04 17:17:16
FTpOweY@gmail.com,DELETE,2024-10-04 15:01:03
SDisT@gmail.com,READ,2024-10-04 10:02:03
NWZmwZEgnrJXli@mail.ru,READ,2024-10-04 22:14:08
NWZmwZEgnrJXli@mail.ru,UPDATE,2024-10-04 04:59:30
SDisT@gmail.com,DELETE,2024-10-04 22:03:50
DgRrWUDxRqCuci@ya.ru,READ,2024-10-04 11:57:55
HzQpbwtPYcr@gmail.com,UPDATE,2024-10-04 04:52:28
QWVYXefAb@mail.ru,READ,2024-10-04 00:27:28
SDisT@gmail.com,UPDATE,2024-10-04 01:58:50
dnxjhsHl@ya.ru,UPDATE,2024-10-04 03:51:02
DgRrWUDxRqCuci@ya.ru,UPDATE,2024-10-04 15:13:33
wmhpW@mail.ru,DELETE,2024-10-04 05:40:13
DgRrWUDxRqCuci@ya.ru,CREATE,2024-10-04 00:48:14
SDisT@gmail.com,UPDATE,2024-10-04 13:33:11
QWVYXefAb@mail.ru,CREATE,2024-10-04 21:06:04
NWZmwZEgnrJXli@mail.ru,UPDATE,2024-10-04 04:18:08
dnxjhsHl@ya.ru,DELETE,2024-10-04 12:05:45
HzQpbwtPYcr@gmail.com,DELETE,2024-10-04 02:24:19
QWVYXefAb@mail.ru,UPDATE,2024-10-04 23:36:54
SDisT@gmail.com,DELETE,2024-10-04 20:33:48
DgRrWUDxRqCuci@ya.ru,UPDATE,2024-10-04 04:47:43
dnxjhsHl@ya.ru,CREATE,2024-10-04 07:44:03
FTpOweY@gmail.com,CREATE,2024-10-04 18:14:12
SDisT@gmail.com,READ,2024-10-04 14:49:51
NWZmwZEgnrJXli@mail.ru,CREATE,2024-10-04 21:41:04
DgRrWUDxRqCuci@ya.ru,UPDATE,2024-10-04 09:58:00
QWVYXefAb@mail.ru,CREATE,2024-10-04 02:29:57
dnxjhsHl@ya.ru,UPDATE,2024-10-04 14:07:31
HzQpbwtPYcr@gmail.com,READ,2024-10-04 06:48:23
NWZmwZEgnrJXli@mail.ru,CREATE,2024-10-04 21:18:16
DgRrWUDxRqCuci@ya.ru,UPDATE,2024-10-04 20:26:42
FTpOweY@gmail.com,CREATE,2024-10-04 14:45:38
HzQpbwtPYcr@gmail.com,UPDATE,2024-10-04 08:33:54
FTpOweY@gmail.com,CREATE,2024-10-04 16:44:40
gkDWXlHdos@gmail.com,DELETE,2024-10-04 03:54:47
FTpOweY@gmail.com,UPDATE,2024-10-04 19:49:53
NWZmwZEgnrJXli@mail.ru,READ,2024-10-04 21:05:54
SDisT@gmail.com,READ,2024-10-04 03:56:43
CuKxHq@gmail.com,READ,2024-10-04 23:36:24
CuKxHq@gmail.com,READ,2024-10-04 04:48:11
CuKxHq@gmail.com,CREATE,2024-10-04 19:25:27
dnxjhsHl@ya.ru,CREATE,2024-10-04 04:22:49
HzQpbwtPYcr@gmail.com,READ,2024-10-04 15:00:10
wmhpW@mail.ru,DELETE,2024-10-04 04:43:12
HzQpbwtPYcr@gmail.com,DELETE,2024-10-04 13:38:15
HzQpbwtPYcr@gmail.com,UPDATE,2024-10-04 19:10:11
dnxjhsHl@ya.ru,CREATE,2024-10-04 09:50:07
dnxjhsHl@ya.ru,READ,2024-10-04 03:03:18
QWVYXefAb@mail.ru,READ,2024-10-04 03:20:45
DgRrWUDxRqCuci@ya.ru,UPDATE,2024-10-04 02:17:20
dnxjhsHl@ya.ru,DELETE,2024-10-04 00:33:09
SDisT@gmail.com,CREATE,2024-10-04 11:44:02
FTpOweY@gmail.com,DELETE,2024-10-04 18:24:58
FTpOweY@gmail.com,DELETE,2024-10-04 19:08:43
CuKxHq@gmail.com,DELETE,2024-10-04 19:10:22
DgRrWUDxRqCuci@ya.ru,CREATE,2024-10-04 17:06:22
wmhpW@mail.ru,DELETE,2024-10-04 12:53:17
DgRrWUDxRqCuci@ya.ru,UPDATE,2024-10-04 05:40:03
QWVYXefAb@mail.ru,UPDATE,2024-10-04 19:54:57
wmhpW@mail.ru,READ,2024-10-04 19:32:14
QWVYXefAb@mail.ru,DELETE,2024-10-04 12:26:51
wmhpW@mail.ru,CREATE,2024-10-04 00:36:51
FTpOweY@gmail.com,READ,2024-10-04 13:07:42
SDisT@gmail.com,DELETE,2024-10-04 14:02:03
DgRrWUDxRqCuci@ya.ru,READ,2024-10-04 10:51:49
HzQpbwtPYcr@gmail.com,UPDATE,2024-10-04 20:52:11
NWZmwZEgnrJXli@mail.ru,READ,2024-10-04 05:22:06
CuKxHq@gmail.com,UPDATE,2024-10-04 03:48:26
HzQpbwtPYcr@gmail.com,CREATE,2024-10-04 18:22:28
NWZmwZEgnrJXli@mail.ru,CREATE,2024-10-04 23:50:55
CuKxHq@gmail.com,CREATE,2024-10-04 23:53:33
dnxjhsHl@ya.ru,CREATE,2024-10-04 22:06:16
QWVYXefAb@mail.ru,UPDATE,2024-10-04 11:22:39
HzQpbwtPYcr@gmail.com,UPDATE,2024-10-04 16:07:17
DgRrWUDxRqCuci@ya.ru,DELETE,2024-10-04 15:58:20
DgRrWUDxRqCuci@ya.ru,UPDATE,2024-10-04 09:47:34
QWVYXefAb@mail.ru,READ,2024-10-04 04:21:08
gkDWXlHdos@gmail.com,DELETE,2024-10-04 15:14:43
HzQpbwtPYcr@gmail.com,CREATE,2024-10-04 21:43:54
QWVYXefAb@mail.ru,READ,2024-10-04 18:48:03
FTpOweY@gmail.com,UPDATE,2024-10-04 04:12:59
wmhpW@mail.ru,UPDATE,2024-10-04 00:57:52
SDisT@gmail.com,UPDATE,2024-10-04 03:46:24
dnxjhsHl@ya.ru,CREATE,2024-10-04 23:27:14
SDisT@gmail.com,CREATE,2024-10-04 17:39:36
QWVYXefAb@mail.ru,READ,2024-10-04 08:20:52
DgRrWUDxRqCuci@ya.ru,DELETE,2024-10-04 21:21:05
wmhpW@mail.ru,DELETE,2024-10-04 17:47:24
SDisT@gmail.com,UPDATE,2024-10-04 09:40:09
wmhpW@mail.ru,CREATE,2024-10-04 12:54:00
DgRrWUDxRqCuci@ya.ru,CREATE,2024-10-04 08:42:08
gkDWXlHdos@gmail.com,CREATE,2024-10-04 23:52:02
dnxjhsHl@ya.ru,CREATE,2024-10-04 06:20:27
gkDWXlHdos@gmail.com,CREATE,2024-10-04 17:15:13
QWVYXefAb@mail.ru,READ,2024-10-04 07:07:36
CuKxHq@gmail.com,CREATE,2024-10-04 14:24:15
wmhpW@mail.ru,CREATE,2024-10-04 16:25:03
NWZmwZEgnrJXli@mail.ru,DELETE,2024-10-04 13:14:57
wmhpW@mail.ru,UPDATE,2024-10-04 16:44:23
gkDWXlHdos@gmail.com,UPDATE,2024-10-04 10:23:06
QWVYXefAb@mail.ru,CREATE,2024-10-04 18:33:39
CuKxHq@gmail.com,UPDATE,2024-10-04 01:37:35
CuKxHq@gmail.com,DELETE,2024-10-04 07:37:33
QWVYXefAb@mail.ru,UPDATE,2024-10-04 11:26:36
FTpOweY@gmail.com,READ,2024-10-04 07:07:50
FTpOweY@gmail.com,CREATE,2024-10-04 17:34:26
NWZmwZEgnrJXli@mail.ru,READ,2024-10-04 03:33:02
DgRrWUDxRqCuci@ya.ru,CREATE,2024-10-04 22:03:16
wmhpW@mail.ru,DELETE,2024-10-04 06:07:26
CuKxHq@gmail.com,READ,2024-10-04 14:25:54
DgRrWUDxRqCuci@ya.ru,CREATE,2024-10-04 19:36:10
SDisT@gmail.com,CREATE,2024-10-04 23:59:52
CuKxHq@gmail.com,UPDATE,2024-10-04 03:39:42
NWZmwZEgnrJXli@mail.ru,READ,2024-10-04 01:20:07
QWVYXefAb@mail.ru,CREATE,2024-10-04 09:03:19
QWVYXefAb@mail.ru,CREATE,2024-10-04 05:27:25
HzQpbwtPYcr@gmail.com,DELETE,2024-10-04 23:59:18
wmhpW@mail.ru,DELETE,2024-10-04 11:52:48
FTpOweY@gmail.com,READ,2024-10-04 05:44:44
HzQpbwtPYcr@gmail.com,READ,2024-10-04 02:27:06
FTpOweY@gmail.com,READ,2024-10-04 11:16:53
gkDWXlHdos@gmail.com,DELETE,2024-10-04 18:20:27
CuKxHq@gmail.com,DELETE,2024-10-04 16:12:36
dnxjhsHl@ya.ru,DELETE,2024-10-04 00:25:09
QWVYXefAb@mail.ru,READ,2024-10-04 15:47:38
wmhpW@mail.ru,READ,2024-10-04 11:57:11
FTpOweY@gmail.com,READ,2024-10-04 02:59:45
SDisT@gmail.com,UPDATE,2024-10-04 14:26:00
wmhpW@mail.ru,DELETE,2024-10-04 21:55:36
CuKxHq@gmail.com,DELETE,2024-10-04 09:21:20
CuKxHq@gmail.com,DELETE,2024-10-04 13:27:54
wmhpW@mail.ru,CREATE,2024-10-04 11:25:07
SDisT@gmail.com,READ,2024-10-04 12:39:55
HzQpbwtPYcr@gmail.com,DELETE,2024-10-04 14:40:07
SDisT@gmail.com,DELETE,2024-10-04 04:28:56
HzQpbwtPYcr@gmail.com,UPDATE,2024-10-04 05:01:12
HzQpbwtPYcr@gmail.com,CREATE,2024-10-04 18:58:32
FTpOweY@gmail.com,UPDATE,2024-10-04 18:39:54
QWVYXefAb@mail.ru,UPDATE,2024-10-04 17:20:44
NWZmwZEgnrJXli@mail.ru,READ,2024-10-04 19:00:18
FTpOweY@gmail.com,READ,2024-10-04 14:38:28
NWZmwZEgnrJXli@mail.ru,READ,2024-10-04 16:46:49
wmhpW@mail.ru,UPDATE,2024-10-04 03:09:29
SDisT@gmail.com,UPDATE,2024-10-04 10:49:42
FTpOweY@gmail.com,CREATE,2024-10-04 03:38:53
DgRrWUDxRqCuci@ya.ru,DELETE,2024-10-04 21:32:05
NWZmwZEgnrJXli@mail.ru,CREATE,2024-10-04 11:40:39
SDisT@gmail.com,UPDATE,2024-10-04 01:11:25
DgRrWUDxRqCuci@ya.ru,DELETE,2024-10-04 23:44:43
dnxjhsHl@ya.ru,UPDATE,2024-10-04 07:03:24
gkDWXlHdos@gmail.com,READ,2024-10-04 14:12:24
CuKxHq@gmail.com,DELETE,2024-10-04 01:34:51
gkDWXlHdos@gmail.com,DELETE,2024-10-04 17:25:38
QWVYXefAb@mail.ru,UPDATE,2024-10-04 12:05:20
SDisT@gmail.com,DELETE,2024-10-04 13:49:40
gkDWXlHdos@gmail.com,CREATE,2024-10-04 00:05:48
dnxjhsHl@ya.ru,CREATE,2024-10-04 09:44:40
HzQpbwtPYcr@gmail.com,UPDATE,2024-10-04 10:09:46
DgRrWUDxRqCuci@ya.ru,DELETE,2024-10-04 21:52:55
HzQpbwtPYcr@gmail.com,READ,2024-10-04 09:14:35
dnxjhsHl@ya.ru,UPDATE,2024-10-04 16:07:35
NWZmwZEgnrJXli@mail.ru,UPDATE,2024-10-04 23:30:30
gkDWXlHdos@gmail.com,CREATE,2024-10-04 23:32:32
dnxjhsHl@ya.ru,DELETE,2024-10-04 02:13:25
QWVYXefAb@mail.ru,CREATE,2024-10-04 20:59:58
wmhpW@mail.ru,CREATE,2024-10-04 10:45:08
QWVYXefAb@mail.ru,READ,2024-10-04 03:34:31
dnxjhsHl@ya.ru,READ,2024-10-04 20:18:49
dnxjhsHl@ya.ru,READ,2024-10-04 13:59:42
gkDWXlHdos@gmail.com,UPDATE,2024-10-04 16:20:18
dnxjhsHl@ya.ru,UPDATE,2024-10-04 02:45:13
NWZmwZEgnrJXli@mail.ru,UPDATE,2024-10-04 07:04:30
CuKxHq@gmail.com,DELETE,2024-10-04 12:49:38
HzQpbwtPYcr@gmail.com,CREATE,2024-10-04 05:55:40
FTpOweY@gmail.com,UPDATE,2024-10-04 02:02:47
gkDWXlHdos@gmail.com,DELETE,2024-10-04 11:48:42
dnxjhsHl@ya.ru,CREATE,2024-10-04 05:48:30
gkDWXlHdos@gmail.com,READ,2024-10-04 03:25:41
DgRrWUDxRqCuci@ya.ru,DELETE,2024-10-04 09:12:48
CuKxHq@gmail.com,UPDATE,2024-10-04 09:51:53
HzQpbwtPYcr@gmail.com,READ,2024-10-04 11:37:28
QWVYXefAb@mail.ru,CREATE,2024-10-04 14:19:31
FTpOweY@gmail.com,READ,2024-10-04 11:17:52
DgRrWUDxRqCuci@ya.ru,READ,2024-10-04 11:45:56
HzQpbwtPYcr@gmail.com,CREATE,2024-10-04 15:02:19
gkDWXlHdos@gmail.com,CREATE,2024-10-04 09:23:48
DgRrWUDxRqCuci@ya.ru,UPDATE,2024-10-04 00:00:29
SDisT@gmail.com,UPDATE,2024-10-04 01:14:58
SDisT@gmail.com,CREATE,2024-10-04 07:59:17
FTpOweY@gmail.com,CREATE,2024-10-04 21:58:10
HzQpbwtPYcr@gmail.com,CREATE,2024-10-04 02:26:11
gkDWXlHdos@gmail.com,UPDATE,2024-10-04 13:46:59
DgRrWUDxRqCuci@ya.ru,CREATE,2024-10-04 08:15:01
NWZmwZEgnrJXli@mail.ru,DELETE,2024-10-04 02:21:15
SDisT@gmail.com,DELETE,2024-10-04 18:34:12
QWVYXefAb@mail.ru,UPDATE,2024-10-04 20:35:50
QWVYXefAb@mail.ru,DELETE,2024-10-04 11:04:13
QWVYXefAb@mail.ru,READ,2024-10-04 22:58:35
SDisT@gmail.com,UPDATE,2024-10-04 00:33:49
QWVYXefAb@mail.ru,UPDATE,2024-10-04 05:24:59
QWVYXefAb@mail.ru,READ,2024-10-04 15:02:01
wmhpW@mail.ru,DELETE,2024-10-04 14:47:59
DgRrWUDxRqCuci@ya.ru,UPDATE,2024-10-04 10:55:48
CuKxHq@gmail.com,READ,2024-10-04 17:02:36
SDisT@gmail.com,CREATE,2024-10-04 10:26:12
SDisT@gmail.com,CREATE,2024-10-04 13:40:26
dnxjhsHl@ya.ru,DELETE,2024-10-04 02:11:40
DgRrWUDxRqCuci@ya.ru,UPDATE,2024-10-04 00:16:14
NWZmwZEgnrJXli@mail.ru,DELETE,2024-10-04 20:48:44
gkDWXlHdos@gmail.com,DELETE,2024-10-04 01:24:25
wmhpW@mail.ru,DELETE,2024-10-04 10:26:30
FTpOweY@gmail.com,READ,2024-10-04 09:52:35
HzQpbwtPYcr@gmail.com,READ,2024-10-04 13:00:38
dnxjhsHl@ya.ru,DELETE,2024-10-04 14:31:30
QWVYXefAb@mail.ru,CREATE,2024-10-04 20:46:13
wmhpW@mail.ru,DELETE,2024-10-04 14:50:11
CuKxHq@gmail.com,DELETE,2024-10-04 01:14:20
HzQpbwtPYcr@gmail.com,CREATE,2024-10-04 04:59:09
QWVYXefAb@mail.ru,READ,2024-10-04 23:31:21
NWZmwZEgnrJXli@mail.ru,READ,2024-10-04 16:00:45
gkDWXlHdos@gmail.com,UPDATE,2024-10-04 05:40:30
gkDWXlHdos@gmail.com,UPDATE,2024-10-04 08:26:12
CuKxHq@gmail.com,READ,2024-10-04 17:37:16
QWVYXefAb@mail.ru,DELETE,2024-10-04 18:29:35
CuKxHq@gmail.com,READ,2024-10-04 23:21:45
SDisT@gmail.com,DELETE,2024-10-04 05:30:22
QWVYXefAb@mail.ru,DELETE,2024-10-04 03:12:42
QWVYXefAb@mail.ru,DELETE,2024-10-04 23:42:12
FTpOweY@gmail.com,CREATE,2024-10-04 09:42:55
DgRrWUDxRqCuci@ya.ru,UPDATE,2024-10-04 17:46:38
QWVYXefAb@mail.ru,CREATE,2024-10-04 07:41:10
FTpOweY@gmail.com,DELETE,2024-10-04 05:26:00
DgRrWUDxRqCuci@ya.ru,UPDATE,2024-10-04 13:28:21
DgRrWUDxRqCuci@ya.ru,READ,2024-10-04 22:09:08
dnxjhsHl@ya.ru,DELETE,2024-10-04 02:04:59
DgRrWUDxRqCuci@ya.ru,UPDATE,2024-10-04 17:01:05
wmhpW@mail.ru,UPDATE,2024-10-04 20:25:23
FTpOweY@gmail.com,UPDATE,2024-10-04 06:53:14
CuKxHq@gmail.com,CREATE,2024-10-04 23:45:43
wmhpW@mail.ru,CREATE,2024-10-04 00:09:45
NWZmwZEgnrJXli@mail.ru,DELETE,2024-10-04 04:00:29
gkDWXlHdos@gmail.com,UPDATE,2024-10-04 13:56:58
HzQpbwtPYcr@gmail.com,CREATE,2024-10-04 07:59:44
QWVYXefAb@mail.ru,DELETE,2024-10-04 18:19:50
HzQpbwtPYcr@gmail.com,UPDATE,2024-10-04 20:37:49
SDisT@gmail.com,DELETE,2024-10-04 07:24:54
SDisT@gmail.com,DELETE,2024-10-04 09:30:44
gkDWXlHdos@gmail.com,DELETE,2024-10-04 04:47:37
HzQpbwtPYcr@gmail.com,CREATE,2024-10-04 12:28:55
NWZmwZEgnrJXli@mail.ru,CREATE,2024-10-04 05:23:36
gkDWXlHdos@gmail.com,READ,2024-10-04 01:15:01
DgRrWUDxRqCuci@ya.ru,READ,2024-10-04 06:11:46
wmhpW@mail.ru,DELETE,2024-10-04 07:31:36
gkDWXlHdos@gmail.com,DELETE,2024-10-04 02:10:57
QWVYXefAb@mail.ru,CREATE,2024-10-04 05:56:51
wmhpW@mail.ru,UPDATE,2024-10-04 04:37:04
NWZmwZEgnrJXli@mail.ru,READ,2024-10-04 20:29:56
gkDWXlHdos@gmail.com,READ,2024-10-04 05:47:59
HzQpbwtPYcr@gmail.com,DELETE,2024-10-04 09:38:29
SDisT@gmail.com,READ,2024-10-04 01:15:32
CuKxHq@gmail.com,UPDATE,2024-10-04 18:09:45
gkDWXlHdos@gmail.com,CREATE,2024-10-04 15:55:50
wmhpW@mail.ru,DELETE,2024-10-04 19:36:52
gkDWXlHdos@gmail.com,DELETE,2024-10-04 07:59:17
HzQpbwtPYcr@gmail.com,CREATE,2024-10-04 19:00:53
gkDWXlHdos@gmail.com,CREATE,2024-10-04 09:31:09
DgRrWUDxRqCuci@ya.ru,UPDATE,2024-10-04 09:46:08
gkDWXlHdos@gmail.com,UPDATE,2024-10-04 09:56:48
DgRrWUDxRqCuci@ya.ru,CREATE,2024-10-04 08:59:42
HzQpbwtPYcr@gmail.com,DELETE,2024-10-04 17:05:53
QWVYXefAb@mail.ru,READ,2024-10-04 09:25:26
SDisT@gmail.com,READ,2024-10-04 04:12:30
gkDWXlHdos@gmail.com,CREATE,2024-10-04 11:45:42
dnxjhsHl@ya.ru,CREATE,2024-10-04 20:33:32
QWVYXefAb@mail.ru,CREATE,2024-10-04 08:54:57
gkDWXlHdos@gmail.com,DELETE,2024-10-04 13:40:37
wmhpW@mail.ru,DELETE,2024-10-04 02:13:29
NWZmwZEgnrJXli@mail.ru,READ,2024-10-04 14:20:10
wmhpW@mail.ru,DELETE,2024-10-04 23:48:12
QWVYXefAb@mail.ru,UPDATE,2024-10-04 15:27:09
SDisT@gmail.com,UPDATE,2024-10-04 09:38:20
SDisT@gmail.com,CREATE,2024-10-04 05:06:44
NWZmwZEgnrJXli@mail.ru,CREATE,2024-10-04 15:59:26
HzQpbwtPYcr@gmail.com,DELETE,2024-10-04 08:05:49
wmhpW@mail.ru,UPDATE,2024-10-04 06:58:46
DgRrWUDxRqCuci@ya.ru,DELETE,2024-10-04 21:11:25
gkDWXlHdos@gmail.com,READ,2024-10-04 09:16:04
NWZmwZEgnrJXli@mail.ru,CREATE,2024-10-04 10:24:57
QWVYXefAb@mail.ru,DELETE,2024-10-04 05:13:13
DgRrWUDxRqCuci@ya.ru,UPDATE,2024-10-04 04:44:27
CuKxHq@gmail.com,DELETE,2024-10-04 11:37:09
dnxjhsHl@ya.ru,UPDATE,2024-10-04 22:54:42
QWVYXefAb@mail.ru,UPDATE,2024-10-04 19:53:43
NWZmwZEgnrJXli@mail.ru,DELETE,2024-10-04 09:51:24
HzQpbwtPYcr@gmail.com,READ,2024-10-04 04:16:48
SDisT@gmail.com,CREATE,2024-10-04 23:01:00
SDisT@gmail.com,UPDATE,2024-10-04 05:44:58
dnxjhsHl@ya.ru,CREATE,2024-10-04 11:22:54
QWVYXefAb@mail.ru,CREATE,2024-10-04 21:35:25
DgRrWUDxRqCuci@ya.ru,UPDATE,2024-10-04 21:35:20
FTpOweY@gmail.com,READ,2024-10-04 13:49:49
NWZmwZEgnrJXli@mail.ru,CREATE,2024-10-04 13:58:33
FTpOweY@gmail.com,CREATE,2024-10-04 13:55:13
HzQpbwtPYcr@gmail.com,CREATE,2024-10-04 01:11:19
SDisT@gmail.com,CREATE,2024-10-04 00:31:40
SDisT@gmail.com,DELETE,2024-10-04 17:02:10
NWZmwZEgnrJXli@mail.ru,READ,2024-10-04 07:15:14
HzQpbwtPYcr@gmail.com,UPDATE,2024-10-04 13:35:23
wmhpW@mail.ru,CREATE,2024-10-04 05:24:34
wmhpW@mail.ru,READ,2024-10-04 00:39:32
HzQpbwtPYcr@gmail.com,READ,2024-10-04 09:46:16
QWVYXefAb@mail.ru,READ,2024-10-04 04:26:11
CuKxHq@gmail.com,DELETE,2024-10-04 12:54:26
QWVYXefAb@mail.ru,UPDATE,2024-10-04 02:35:43
HzQpbwtPYcr@gmail.com,DELETE,2024-10-04 23:58:18
DgRrWUDxRqCuci@ya.ru,UPDATE,2024-10-04 19:25:46
dnxjhsHl@ya.ru,DELETE,2024-10-04 06:28:52
DgRrWUDxRqCuci@ya.ru,UPDATE,2024-10-04 08:28:53
gkDWXlHdos@gmail.com,CREATE,2024-10-04 21:09:08
gkDWXlHdos@gmail.com,CREATE,2024-10-04 14:27:39
HzQpbwtPYcr@gmail.com,DELETE,2024-10-04 08:30:23
QWVYXefAb@mail.ru,CREATE,2024-10-04 19:46:04
CuKxHq@gmail.com,UPDATE,2024-10-04 03:10:52
wmhpW@mail.ru,READ,2024-10-04 12:00:08
NWZmwZEgnrJXli@mail.ru,UPDATE,2024-10-04 04:17:29
DgRrWUDxRqCuci@ya.ru,UPDATE,2024-10-04 06:06:28
NWZmwZEgnrJXli@mail.ru,DELETE,2024-10-04 18:18:24
HzQpbwtPYcr@gmail.com,DELETE,2024-10-04 01:38:48
SDisT@gmail.com,UPDATE,2024-10-04 13:49:51
gkDWXlHdos@gmail.com,UPDATE,2024-10-04 06:59:33
QWVYXefAb@mail.ru,READ,2024-10-04 05:09:36
SDisT@gmail.com,UPDATE,2024-10-04 03:38:53
NWZmwZEgnrJXli@mail.ru,CREATE,2024-10-04 02:38:17
DgRrWUDxRqCuci@ya.ru,DELETE,2024-10-04 22:37:05
dnxjhsHl@ya.ru,DELETE,2024-10-04 08:50:57
FTpOweY@gmail.com,READ,2024-10-04 00:31:04
QWVYXefAb@mail.ru,UPDATE,2024-10-04 01:54:38
gkDWXlHdos@gmail.com,DELETE,2024-10-04 01:45:29
SDisT@gmail.com,READ,2024-10-04 04:15:30
FTpOweY@gmail.com,CREATE,2024-10-04 21:05:36
NWZmwZEgnrJXli@mail.ru,DELETE,2024-10-04 09:51:03
CuKxHq@gmail.com,DELETE,2024-10-04 21:44:01
FTpOweY@gmail.com,DELETE,2024-10-04 16:03:50
QWVYXefAb@mail.ru,READ,2024-10-04 12:58:58
wmhpW@mail.ru,READ,2024-10-04 13:21:04
DgRrWUDxRqCuci@ya.ru,DELETE,2024-10-04 14:05:45
QWVYXefAb@mail.ru,UPDATE,2024-10-04 17:44:40
DgRrWUDxRqCuci@ya.ru,UPDATE,2024-10-04 01:51:55
HzQpbwtPYcr@gmail.com,UPDATE,2024-10-04 01:13:52
DgRrWUDxRqCuci@ya.ru,UPDATE,2024-10-04 10:44:33
SDisT@gmail.com,CREATE,2024-10-04 21:58:57
QWVYXefAb@mail.ru,UPDATE,2024-10-04 14:15:41
SDisT@gmail.com,READ,2024-10-04 17:02:52
DgRrWUDxRqCuci@ya.ru,READ,2024-10-04 20:55:12
NWZmwZEgnrJXli@mail.ru,READ,2024-10-04 01:07:35
QWVYXefAb@mail.ru,UPDATE,2024-10-04 08:07:59
wmhpW@mail.ru,UPDATE,2024-10-04 18:41:51
wmhpW@mail.ru,READ,2024-10-04 02:09:21
NWZmwZEgnrJXli@mail.ru,CREATE,2024-10-04 04:27:54
CuKxHq@gmail.com,CREATE,2024-10-04 22:30:06
NWZmwZEgnrJXli@mail.ru,DELETE,2024-10-04 13:30:34
SDisT@gmail.com,DELETE,2024-10-04 16:03:07
DgRrWUDxRqCuci@ya.ru,DELETE,2024-10-04 05:33:14
QWVYXefAb@mail.ru,CREATE,2024-10-04 22:03:48
QWVYXefAb@mail.ru,CREATE,2024-10-04 07:50:43
NWZmwZEgnrJXli@mail.ru,DELETE,2024-10-04 18:30:33
gkDWXlHdos@gmail.com,UPDATE,2024-10-04 14:25:33
gkDWXlHdos@gmail.com,DELETE,2024-10-04 02:09:41
DgRrWUDxRqCuci@ya.ru,READ,2024-10-04 05:29:46
SDisT@gmail.com,CREATE,2024-10-04 18:22:05
HzQpbwtPYcr@gmail.com,DELETE,2024-10-04 01:01:55
wmhpW@mail.ru,DELETE,2024-10-04 08:00:27
CuKxHq@gmail.com,READ,2024-10-04 01:05:01
SDisT@gmail.com,DELETE,2024-10-04 17:51:19
NWZmwZEgnrJXli@mail.ru,READ,2024-10-04 06:00:14
FTpOweY@gmail.com,CREATE,2024-10-04 04:46:45
wmhpW@mail.ru,CREATE,2024-10-04 16:50:51
DgRrWUDxRqCuci@ya.ru,CREATE,2024-10-04 05:31:51
QWVYXefAb@mail.ru,READ,2024-10-04 07:46:29
HzQpbwtPYcr@gmail.com,UPDATE,2024-10-04 09:57:14
NWZmwZEgnrJXli@mail.ru,CREATE,2024-10-04 11:29:14
QWVYXefAb@mail.ru,CREATE,2024-10-04 20:52:45
gkDWXlHdos@gmail.com,CREATE,2024-10-04 06:28:22
DgRrWUDxRqCuci@ya.ru,READ,2024-10-04 04:35:01
FTpOweY@gmail.com,DELETE,2024-10-04 08:18:35
CuKxHq@gmail.com,DELETE,2024-10-04 12:10:38
NWZmwZEgnrJXli@mail.ru,CREATE,2024-10-04 03:17:19
HzQpbwtPYcr@gmail.com,READ,2024-10-04 14:51:35
NWZmwZEgnrJXli@mail.ru,UPDATE,2024-10-04 14:54:26
DgRrWUDxRqCuci@ya.ru,UPDATE,2024-10-04 20:28:07
gkDWXlHdos@gmail.com,READ,2024-10-04 23:56:00
wmhpW@mail.ru,UPDATE,2024-10-04 05:19:08
HzQpbwtPYcr@gmail.com,UPDATE,2024-10-04 15:53:02
FTpOweY@gmail.com,CREATE,2024-10-04 15:50:19
NWZmwZEgnrJXli@mail.ru,CREATE,2024-10-04 11:47:46
HzQpbwtPYcr@gmail.com,CREATE,2024-10-04 05:18:44
FTpOweY@gmail.com,UPDATE,2024-10-04 02:40:07
NWZmwZEgnrJXli@mail.ru,UPDATE,2024-10-04 16:10:05
DgRrWUDxRqCuci@ya.ru,CREATE,2024-10-04 16:57:28
NWZmwZEgnrJXli@mail.ru,UPDATE,2024-10-04 06:58:38
HzQpbwtPYcr@gmail.com,CREATE,2024-10-04 14:05:58
DgRrWUDxRqCuci@ya.ru,UPDATE,2024-10-04 14:55:22
wmhpW@mail.ru,DELETE,2024-10-04 17:38:08
DgRrWUDxRqCuci@ya.ru,UPDATE,2024-10-04 12:10:57
DgRrWUDxRqCuci@ya.ru,UPDATE,2024-10-04 23:33:56
wmhpW@mail.ru,DELETE,2024-10-04 15:15:59
DgRrWUDxRqCuci@ya.ru,UPDATE,2024-10-04 07:47:32
dnxjhsHl@ya.ru,CREATE,2024-10-04 10:00:13
SDisT@gmail.com,READ,2024-10-04 09:55:20
NWZmwZEgnrJXli@mail.ru,CREATE,2024-10-04 20:03:05
HzQpbwtPYcr@gmail.com,DELETE,2024-10-04 03:15:41
CuKxHq@gmail.com,READ,2024-10-04 03:27:20
HzQpbwtPYcr@gmail.com,UPDATE,2024-10-04 03:16:08
DgRrWUDxRqCuci@ya.ru,READ,2024-10-04 23:55:18
wmhpW@mail.ru,DELETE,2024-10-04 01:02:28
wmhpW@mail.ru,UPDATE,2024-10-04 20:24:58
dnxjhsHl@ya.ru,DELETE,2024-10-04 17:57:18
dnxjhsHl@ya.ru,READ,2024-10-04 12:13:13
QWVYXefAb@mail.ru,UPDATE,2024-10-04 06:45:11
HzQpbwtPYcr@gmail.com,DELETE,2024-10-04 00:40:51
FTpOweY@gmail.com,UPDATE,2024-10-04 20:45:11
gkDWXlHdos@gmail.com,DELETE,2024-10-04 15:08:59
FTpOweY@gmail.com,UPDATE,2024-10-04 05:12:06
wmhpW@mail.ru,UPDATE,2024-10-04 09:29:54
CuKxHq@gmail.com,UPDATE,2024-10-04 00:57:38
SDisT@gmail.com,UPDATE,2024-10-04 06:22:17
dnxjhsHl@ya.ru,CREATE,2024-10-04 00:39:16
QWVYXefAb@mail.ru,DELETE,2024-10-04 12:00:33
DgRrWUDxRqCuci@ya.ru,CREATE,2024-10-04 18:11:17
CuKxHq@gmail.com,UPDATE,2024-10-04 18:48:37
gkDWXlHdos@gmail.com,READ,2024-10-04 20:42:22
dnxjhsHl@ya.ru,READ,2024-10-04 12:54:01
NWZmwZEgnrJXli@mail.ru,READ,2024-10-04 12:56:29
QWVYXefAb@mail.ru,UPDATE,2024-10-04 01:25:54
wmhpW@mail.ru,CREATE,2024-10-04 00:56:51
dnxjhsHl@ya.ru,CREATE,2024-10-04 00:12:15
dnxjhsHl@ya.ru,CREATE,2024-10-04 14:40:40
wmhpW@mail.ru,DELETE,2024-10-04 07:41:46
wmhpW@mail.ru,DELETE,2024-10-04 07:39:33
wmhpW@mail.ru,READ,2024-10-04 08:15:33
QWVYXefAb@mail.ru,UPDATE,2024-10-04 15:58:53
dnxjhsHl@ya.ru,DELETE,2024-10-04 10:45:45
HzQpbwtPYcr@gmail.com,UPDATE,2024-10-04 16:54:29
HzQpbwtPYcr@gmail.com,DELETE,2024-10-04 11:31:12
dnxjhsHl@ya.ru,DELETE,2024-10-04 17:21:23
dnxjhsHl@ya.ru,CREATE,2024-10-04 10:51:38
CuKxHq@gmail.com,READ,2024-10-04 01:49:51
QWVYXefAb@mail.ru,UPDATE,2024-10-04 04:44:38
SDisT@gmail.com,CREATE,2024-10-04 20:16:19
QWVYXefAb@mail.ru,READ,2024-10-04 14:45:42
wmhpW@mail.ru,CREATE,2024-10-04 00:17:35
NWZmwZEgnrJXli@mail.ru,DELETE,2024-10-04 03:57:21
DgRrWUDxRqCuci@ya.ru,UPDATE,2024-10-04 16:27:10
CuKxHq@gmail.com,UPDATE,2024-10-04 17:46:12
wmhpW@mail.ru,READ,2024-10-04 13:08:08
DgRrWUDxRqCuci@ya.ru,CREATE,2024-10-04 01:47:30
gkDWXlHdos@gmail.com,READ,2024-10-04 12:27:53
CuKxHq@gmail.com,UPDATE,2024-10-04 06:07:14
gkDWXlHdos@gmail.com,DELETE,2024-10-04 15:38:59
dnxjhsHl@ya.ru,READ,2024-10-04 03:41:28
wmhpW@mail.ru,READ,2024-10-04 07:19:59
NWZmwZEgnrJXli@mail.ru,CREATE,2024-10-04 03:03:08
CuKxHq@gmail.com,CREATE,2024-10-04 00:17:20
SDisT@gmail.com,CREATE,2024-10-04 12:18:24
CuKxHq@gmail.com,UPDATE,2024-10-04 06:10:42
SDisT@gmail.com,UPDATE,2024-10-04 06:56:05
NWZmwZEgnrJXli@mail.ru,DELETE,2024-10-04 20:04:45
FTpOweY@gmail.com,DELETE,2024-10-04 15:56:28
SDisT@gmail.com,DELETE,2024-10-04 15:46:54
wmhpW@mail.ru,CREATE,2024-10-04 18:42:06
dnxjhsHl@ya.ru,UPDATE,2024-10-04 05:24:49
QWVYXefAb@mail.ru,CREATE,2024-10-04 22:58:38
FTpOweY@gmail.com,CREATE,2024-10-04 22:29:41
wmhpW@mail.ru,CREATE,2024-10-04 19:37:14
gkDWXlHdos@gmail.com,READ,2024-10-04 12:42:48
CuKxHq@gmail.com,CREATE,2024-10-04 05:34:29
dnxjhsHl@ya.ru,CREATE,2024-10-04 21:17:23
gkDWXlHdos@gmail.com,UPDATE,2024-10-04 12:03:52
HzQpbwtPYcr@gmail.com,READ,2024-10-04 19:44:32
SDisT@gmail.com,UPDATE,2024-10-04 22:56:38
HzQpbwtPYcr@gmail.com,READ,2024-10-04 21:55:06
QWVYXefAb@mail.ru,DELETE,2024-10-04 10:12:10
QWVYXefAb@mail.ru,UPDATE,2024-10-04 10:15:53
DgRrWUDxRqCuci@ya.ru,READ,2024-10-04 12:08:32
HzQpbwtPYcr@gmail.com,DELETE,2024-10-04 06:57:49
gkDWXlHdos@gmail.com,READ,2024-10-04 00:46:50
CuKxHq@gmail.com,CREATE,2024-10-04 21:24:44
wmhpW@mail.ru,UPDATE,2024-10-04 14:02:04
NWZmwZEgnrJXli@mail.ru,UPDATE,2024-10-04 19:35:28
dnxjhsHl@ya.ru,DELETE,2024-10-04 05:28:24
gkDWXlHdos@gmail.com,CREATE,2024-10-04 14:03:40
HzQpbwtPYcr@gmail.com,CREATE,2024-10-04 21:28:33
HzQpbwtPYcr@gmail.com,UPDATE,2024-10-04 05:29:21
DgRrWUDxRqCuci@ya.ru,READ,2024-10-04 23:03:10
FTpOweY@gmail.com,READ,2024-10-04 00:54:33
FTpOweY@gmail.com,READ,2024-10-04 20:31:04
dnxjhsHl@ya.ru,UPDATE,2024-10-04 23:08:40
QWVYXefAb@mail.ru,DELETE,2024-10-04 06:43:29
DgRrWUDxRqCuci@ya.ru,DELETE,2024-10-04 14:01:36
QWVYXefAb@mail.ru,CREATE,2024-10-04 12:18:16
wmhpW@mail.ru,DELETE,2024-10-04 11:40:09
wmhpW@mail.ru,DELETE,2024-10-04 06:53:00
gkDWXlHdos@gmail.com,READ,2024-10-04 11:44:40
FTpOweY@gmail.com,UPDATE,2024-10-04 01:24:26
gkDWXlHdos@gmail.com,READ,2024-10-04 16:44:07
FTpOweY@gmail.com,DELETE,2024-10-04 19:25:37
NWZmwZEgnrJXli@mail.ru,CREATE,2024-10-04 04:37:09
FTpOweY@gmail.com,READ,2024-10-04 18:23:40
FTpOweY@gmail.com,DELETE,2024-10-04 04:07:50
gkDWXlHdos@gmail.com,CREATE,2024-10-04 17:20:58
HzQpbwtPYcr@gmail.com,UPDATE,2024-10-04 09:26:12
QWVYXefAb@mail.ru,UPDATE,2024-10-04 04:08:46
dnxjhsHl@ya.ru,DELETE,2024-10-04 08:32:40
CuKxHq@gmail.com,CREATE,2024-10-04 14:22:44
DgRrWUDxRqCuci@ya.ru,DELETE,2024-10-04 18:29:44
HzQpbwtPYcr@gmail.com,UPDATE,2024-10-04 20:20:53
CuKxHq@gmail.com,CREATE,2024-10-04 14:46:39
QWVYXefAb@mail.ru,DELETE,2024-10-04 11:47:58
CuKxHq@gmail.com,CREATE,2024-10-04 15:17:10
wmhpW@mail.ru,READ,2024-10-04 00:54:09
HzQpbwtPYcr@gmail.com,UPDATE,2024-10-04 05:45:29
NWZmwZEgnrJXli@mail.ru,READ,2024-10-04 02:04:31
dnxjhsHl@ya.ru,DELETE,2024-10-04 00:28:49
NWZmwZEgnrJXli@mail.ru,UPDATE,2024-10-04 06:42:13
wmhpW@mail.ru,DELETE,2024-10-04 04:44:01
HzQpbwtPYcr@gmail.com,CREATE,2024-10-04 13:40:39
CuKxHq@gmail.com,READ,2024-10-04 03:33:00
FTpOweY@gmail.com,READ,2024-10-04 15:22:16
FTpOweY@gmail.com,UPDATE,2024-10-04 21:31:57
QWVYXefAb@mail.ru,READ,2024-10-04 09:15:51
gkDWXlHdos@gmail.com,CREATE,2024-10-04 18:53:05
SDisT@gmail.com,READ,2024-10-04 22:02:24
FTpOweY@gmail.com,UPDATE,2024-10-04 23:50:14
SDisT@gmail.com,DELETE,2024-10-04 10:01:52
QWVYXefAb@mail.ru,DELETE,2024-10-04 23:44:34
wmhpW@mail.ru,DELETE,2024-10-04 01:34:59
QWVYXefAb@mail.ru,UPDATE,2024-10-04 04:22:46
gkDWXlHdos@gmail.com,UPDATE,2024-10-04 03:14:56
HzQpbwtPYcr@gmail.com,DELETE,2024-10-04 22:00:18
gkDWXlHdos@gmail.com,CREATE,2024-10-04 16:08:50
FTpOweY@gmail.com,DELETE,2024-10-04 13:23:53
HzQpbwtPYcr@gmail.com,CREATE,2024-10-04 00:04:54
wmhpW@mail.ru,UPDATE,2024-10-04 08:56:28
gkDWXlHdos@gmail.com,READ,2024-10-04 16:41:31
HzQpbwtPYcr@gmail.com,UPDATE,2024-10-04 02:14:30
NWZmwZEgnrJXli@mail.ru,UPDATE,2024-10-04 01:45:30
DgRrWUDxRqCuci@ya.ru,UPDATE,2024-10-04 11:49:37
wmhpW@mail.ru,UPDATE,2024-10-04 16:48:22
FTpOweY@gmail.com,CREATE,2024-10-04 09:20:07
QWVYXefAb@mail.ru,CREATE,2024-10-04 05:13:44
SDisT@gmail.com,READ,2024-10-04 02:00:55
DgRrWUDxRqCuci@ya.ru,DELETE,2024-10-04 11:35:39
DgRrWUDxRqCuci@ya.ru,READ,2024-10-04 01:27:11
gkDWXlHdos@gmail.com,UPDATE,2024-10-04 11:52:40
gkDWXlHdos@gmail.com,UPDATE,2024-10-04 13:30:45
QWVYXefAb@mail.ru,CREATE,2024-10-04 02:06:17
wmhpW@mail.ru,CREATE,2024-10-04 15:50:01
SDisT@gmail.com,READ,2024-10-04 21:24:53
FTpOweY@gmail.com,UPDATE,2024-10-04 19:42:36
dnxjhsHl@ya.ru,CREATE,2024-10-04 05:48:12
DgRrWUDxRqCuci@ya.ru,READ,2024-10-04 10:42:33
NWZmwZEgnrJXli@mail.ru,UPDATE,2024-10-04 23:43:58
HzQpbwtPYcr@gmail.com,READ,2024-10-04 16:19:58
CuKxHq@gmail.com,UPDATE,2024-10-04 05:58:11
QWVYXefAb@mail.ru,UPDATE,2024-10-04 01:49:11
NWZmwZEgnrJXli@mail.ru,CREATE,2024-10-04 11:41:59
FTpOweY@gmail.com,READ,2024-10-04 13:26:02
NWZmwZEgnrJXli@mail.ru,DELETE,2024-10-04 07:56:16
dnxjhsHl@ya.ru,READ,2024-10-04 20:51:35
FTpOweY@gmail.com,DELETE,2024-10-04 16:59:59
DgRrWUDxRqCuci@ya.ru,DELETE,2024-10-04 16:58:57
DgRrWUDxRqCuci@ya.ru,UPDATE,2024-10-04 22:46:35
QWVYXefAb@mail.ru,DELETE,2024-10-04 11:46:00
SDisT@gmail.com,UPDATE,2024-10-04 15:49:18
SDisT@gmail.com,DELETE,2024-10-04 10:10:25
DgRrWUDxRqCuci@ya.ru,DELETE,2024-10-04 10:45:03
CuKxHq@gmail.com,DELETE,2024-10-04 23:21:45
CuKxHq@gmail.com,CREATE,2024-10-04 00:47:39
CuKxHq@gmail.com,UPDATE,2024-10-04 10:21:29
CuKxHq@gmail.com,DELETE,2024-10-04 02:46:54
FTpOweY@gmail.com,CREATE,2024-10-04 08:59:35
QWVYXefAb@mail.ru,READ,2024-10-04 15:21:51
CuKxHq@gmail.com,DELETE,2024-10-04 07:06:37
FTpOweY@gmail.com,UPDATE,2024-10-04 02:08:10
wmhpW@mail.ru,UPDATE,2024-10-04 04:35:08
gkDWXlHdos@gmail.com,CREATE,2024-10-04 17:41:41
SDisT@gmail.com,DELETE,2024-10-04 05:21:25
HzQpbwtPYcr@gmail.com,DELETE,2024-10-04 11:44:46
NWZmwZEgnrJXli@mail.ru,READ,2024-10-04 11:54:08
SDisT@gmail.com,UPDATE,2024-10-04 06:29:39
SDisT@gmail.com,READ,2024-10-04 11:36:44
SDisT@gmail.com,CREATE,2024-10-04 12:25:47
SDisT@gmail.com,READ,2024-10-04 23:44:00
CuKxHq@gmail.com,UPDATE,2024-10-04 01:56:45
SDisT@gmail.com,CREATE,2024-10-04 15:43:58
gkDWXlHdos@gmail.com,DELETE,2024-10-04 18:55:28
DgRrWUDxRqCuci@ya.ru,READ,2024-10-04 03:21:06
QWVYXefAb@mail.ru,DELETE,2024-10-04 01:26:03
QWVYXefAb@mail.ru,READ,2024-10-04 04:02:24
SDisT@gmail.com,UPDATE,2024-10-04 23:27:28
wmhpW@mail.ru,UPDATE,2024-10-04 20:19:48
wmhpW@mail.ru,READ,2024-10-04 10:00:36
FTpOweY@gmail.com,READ,2024-10-04 08:40:59
HzQpbwtPYcr@gmail.com,CREATE,2024-10-04 00:53:33
FTpOweY@gmail.com,READ,2024-10-04 08:35:29
CuKxHq@gmail.com,CREATE,2024-10-04 18:39:24
gkDWXlHdos@gmail.com,CREATE,2024-10-04 10:42:11
FTpOweY@gmail.com,CREATE,2024-10-04 21:50:59
CuKxHq@gmail.com,DELETE,2024-10-04 14:00:11
dnxjhsHl@ya.ru,READ,2024-10-04 03:45:23
gkDWXlHdos@gmail.com,UPDATE,2024-10-04 00:54:21
NWZmwZEgnrJXli@mail.ru,UPDATE,2024-10-04 22:24:53
SDisT@gmail.com,READ,2024-10-04 06:34:36
FTpOweY@gmail.com,READ,2024-10-04 04:13:27
FTpOweY@gmail.com,CREATE,2024-10-04 01:56:47
wmhpW@mail.ru,UPDATE,2024-10-04 13:22:33
CuKxHq@gmail.com,READ,2024-10-04 18:42:04
dnxjhsHl@ya.ru,UPDATE,2024-10-04 01:19:48
dnxjhsHl@ya.ru,READ,2024-10-04 19:59:47
dnxjhsHl@ya.ru,UPDATE,2024-10-04 22:38:41
FTpOweY@gmail.com,DELETE,2024-10-04 19:19:58
DgRrWUDxRqCuci@ya.ru,CREATE,2024-10-04 12:55:34
SDisT@gmail.com,DELETE,2024-10-04 20:50:33
HzQpbwtPYcr@gmail.com,UPDATE,2024-10-04 04:18:56
DgRrWUDxRqCuci@ya.ru,UPDATE,2024-10-04 05:52:56
DgRrWUDxRqCuci@ya.ru,UPDATE,2024-10-04 15:01:26
NWZmwZEgnrJXli@mail.ru,DELETE,2024-10-04 01:57:47
wmhpW@mail.ru,CREATE,2024-10-04 10:05:29
CuKxHq@gmail.com,DELETE,2024-10-04 09:58:00
NWZmwZEgnrJXli@mail.ru,UPDATE,2024-10-04 07:30:03
QWVYXefAb@mail.ru,DELETE,2024-10-04 17:58:54
HzQpbwtPYcr@gmail.com,UPDATE,2024-10-04 17:56:42
HzQpbwtPYcr@gmail.com,UPDATE,2024-10-04 01:49:18
HzQpbwtPYcr@gmail.com,READ,2024-10-04 03:21:05
QWVYXefAb@mail.ru,READ,2024-10-04 23:37:46
wmhpW@mail.ru,UPDATE,2024-10-04 05:28:34
SDisT@gmail.com,UPDATE,2024-10-04 01:41:59
dnxjhsHl@ya.ru,CREATE,2024-10-04 13:36:46
NWZmwZEgnrJXli@mail.ru,UPDATE,2024-10-04 01:38:45
NWZmwZEgnrJXli@mail.ru,READ,2024-10-04 21:19:01
wmhpW@mail.ru,DELETE,2024-10-04 01:20:42
NWZmwZEgnrJXli@mail.ru,UPDATE,2024-10-04 08:57:09
NWZmwZEgnrJXli@mail.ru,CREATE,2024-10-04 10:30:51
QWVYXefAb@mail.ru,CREATE,2024-10-04 16:01:39
NWZmwZEgnrJXli@mail.ru,DELETE,2024-10-04 01:00:29
wmhpW@mail.ru,CREATE,2024-10-04 13:11:43
dnxjhsHl@ya.ru,UPDATE,2024-10-04 19:00:44
DgRrWUDxRqCuci@ya.ru,UPDATE,2024-10-04 08:00:46
wmhpW@mail.ru,CREATE,2024-10-04 18:05:09
wmhpW@mail.ru,READ,2024-10-04 16:39:41
HzQpbwtPYcr@gmail.com,DELETE,2024-10-04 08:48:08
DgRrWUDxRqCuci@ya.ru,CREATE,2024-10-04 23:50:47
CuKxHq@gmail.com,READ,2024-10-04 02:02:36
HzQpbwtPYcr@gmail.com,CREATE,2024-10-04 14:54:03
NWZmwZEgnrJXli@mail.ru,CREATE,2024-10-04 18:47:47
SDisT@gmail.com,DELETE,2024-10-04 08:00:42
QWVYXefAb@mail.ru,UPDATE,2024-10-04 15:29:45
NWZmwZEgnrJXli@mail.ru,UPDATE,2024-10-04 04:09:02
QWVYXefAb@mail.ru,CREATE,2024-10-04 15:09:30
HzQpbwtPYcr@gmail.com,DELETE,2024-10-04 03:53:39
DgRrWUDxRqCuci@ya.ru,READ,2024-10-04 21:20:50
DgRrWUDxRqCuci@ya.ru,CREATE,2024-10-04 02:43:10
DgRrWUDxRqCuci@ya.ru,CREATE,2024-10-04 18:35:01
dnxjhsHl@ya.ru,READ,2024-10-04 23:20:34
NWZmwZEgnrJXli@mail.ru,UPDATE,2024-10-04 14:11:30
NWZmwZEgnrJXli@mail.ru,DELETE,2024-10-04 09:20:33
dnxjhsHl@ya.ru,READ,2024-10-04 14:41:56
SDisT@gmail.com,UPDATE,2024-10-04 16:34:03
dnxjhsHl@ya.ru,CREATE,2024-10-04 07:16:37
dnxjhsHl@ya.ru,UPDATE,2024-10-04 19:16:04
dnxjhsHl@ya.ru,READ,2024-10-04 08:59:57
HzQpbwtPYcr@gmail.com,DELETE,2024-10-04 10:41:11
CuKxHq@gmail.com,READ,2024-10-04 14:50:16
NWZmwZEgnrJXli@mail.ru,READ,2024-10-04 21:47:42
NWZmwZEgnrJXli@mail.ru,UPDATE,2024-10-04 05:53:02
gkDWXlHdos@gmail.com,CREATE,2024-10-04 17:59:41
QWVYXefAb@mail.ru,CREATE,2024-10-04 12:15:00
dnxjhsHl@ya.ru,READ,2024-10-04 21:30:35
FTpOweY@gmail.com,UPDATE,2024-10-04 16:12:21
HzQpbwtPYcr@gmail.com,UPDATE,2024-10-04 17:33:03
DgRrWUDxRqCuci@ya.ru,DELETE,2024-10-04 11:32:20
dnxjhsHl@ya.ru,UPDATE,2024-10-04 15:25:31
HzQpbwtPYcr@gmail.com,READ,2024-10-04 09:35:08
NWZmwZEgnrJXli@mail.ru,DELETE,2024-10-04 01:51:38
wmhpW@mail.ru,READ,2024-10-04 17:22:28
dnxjhsHl@ya.ru,READ,2024-10-04 09:52:00
dnxjhsHl@ya.ru,READ,2024-10-04 21:27:26
wmhpW@mail.ru,READ,2024-10-04 05:18:43
HzQpbwtPYcr@gmail.com,READ,2024-10-04 00:07:04
CuKxHq@gmail.com,READ,2024-10-04 00:35:58
SDisT@gmail.com,READ,2024-10-04 14:02:14
CuKxHq@gmail.com,DELETE,2024-10-04 15:46:20
CuKxHq@gmail.com,UPDATE,2024-10-04 10:42:14
NWZmwZEgnrJXli@mail.ru,CREATE,2024-10-04 13:12:46
wmhpW@mail.ru,READ,2024-10-04 16:37:47
DgRrWUDxRqCuci@ya.ru,CREATE,2024-10-04 22:33:11
CuKxHq@gmail.com,UPDATE,2024-10-04 18:30:36
DgRrWUDxRqCuci@ya.ru,CREATE,2024-10-04 03:03:31
FTpOweY@gmail.com,CREATE,2024-10-04 00:16:39
HzQpbwtPYcr@gmail.com,READ,2024-10-04 14:22:50
dnxjhsHl@ya.ru,CREATE,2024-10-04 13:03:22
gkDWXlHdos@gmail.com,CREATE,2024-10-04 13:00:53
FTpOweY@gmail.com,UPDATE,2024-10-04 06:07:19
SDisT@gmail.com,READ,2024-10-04 23:12:22
FTpOweY@gmail.com,DELETE,2024-10-04 20:22:18
QWVYXefAb@mail.ru,READ,2024-10-04 19:08:42
QWVYXefAb@mail.ru,UPDATE,2024-10-04 05:49:30
NWZmwZEgnrJXli@mail.ru,DELETE,2024-10-04 11:19:15
QWVYXefAb@mail.ru,READ,2024-10-04 07:17:20
FTpOweY@gmail.com,CREATE,2024-10-04 18:01:07
QWVYXefAb@mail.ru,CREATE,2024-10-04 05:24:48
CuKxHq@gmail.com,CREATE,2024-10-04 03:29:03
gkDWXlHdos@gmail.com,CREATE,2024-10-04 03:01:59
NWZmwZEgnrJXli@mail.ru,DELETE,2024-10-04 22:13:49
gkDWXlHdos@gmail.com,CREATE,2024-10-04 09:47:36
dnxjhsHl@ya.ru,READ,2024-10-04 20:52:21
dnxjhsHl@ya.ru,CREATE,2024-10-04 13:20:23
gkDWXlHdos@gmail.com,CREATE,2024-10-04 18:42:02
FTpOweY@gmail.com,DELETE,2024-10-04 17:07:14
dnxjhsHl@ya.ru,DELETE,2024-10-04 05:22:09
gkDWXlHdos@gmail.com,UPDATE,2024-10-04 19:05:57
SDisT@gmail.com,READ,2024-10-04 15:20:32
gkDWXlHdos@gmail.com,CREATE,2024-10-04 05:38:29
SDisT@gmail.com,DELETE,2024-10-04 05:22:46
gkDWXlHdos@gmail.com,DELETE,2024-10-04 21:28:03
wmhpW@mail.ru,READ,2024-10-04 05:02:45
HzQpbwtPYcr@gmail.com,READ,2024-10-04 11:49:53
SDisT@gmail.com,UPDATE,2024-10-04 10:13:47
QWVYXefAb@mail.ru,CREATE,2024-10-04 12:55:25
gkDWXlHdos@gmail.com,DELETE,2024-10-04 23:14:50
DgRrWUDxRqCuci@ya.ru,CREATE,2024-10-04 01:50:28
DgRrWUDxRqCuci@ya.ru,DELETE,2024-10-04 03:04:22
SDisT@gmail.com,UPDATE,2024-10-04 12:22:25
CuKxHq@gmail.com,READ,2024-10-04 10:44:41
HzQpbwtPYcr@gmail.com,READ,2024-10-04 10:34:58
QWVYXefAb@mail.ru,CREATE,2024-10-04 04:54:55
DgRrWUDxRqCuci@ya.ru,READ,2024-10-04 02:07:51
CuKxHq@gmail.com,READ,2024-10-04 13:52:16
DgRrWUDxRqCuci@ya.ru,READ,2024-10-04 02:26:53
SDisT@gmail.com,CREATE,2024-10-04 01:29:46
HzQpbwtPYcr@gmail.com,READ,2024-10-04 19:05:05
QWVYXefAb@mail.ru,DELETE,2024-10-04 14:00:30
NWZmwZEgnrJXli@mail.ru,CREATE,2024-10-04 21:21:18
FTpOweY@gmail.com,CREATE,2024-10-04 08:50:17
QWVYXefAb@mail.ru,UPDATE,2024-10-04 05:48:51
SDisT@gmail.com,CREATE,2024-10-04 06:01:34
wmhpW@mail.ru,READ,2024-10-04 19:42:23
CuKxHq@gmail.com,UPDATE,2024-10-04 04:18:22
QWVYXefAb@mail.ru,DELETE,2024-10-04 02:04:00
SDisT@gmail.com,DELETE,2024-10-04 20:57:56
FTpOweY@gmail.com,READ,2024-10-04 17:15:39
wmhpW@mail.ru,READ,2024-10-04 09:42:07
FTpOweY@gmail.com,DELETE,2024-10-04 11:41:13
FTpOweY@gmail.com,CREATE,2024-10-04 05:28:07
FTpOweY@gmail.com,CREATE,2024-10-04 05:32:02
NWZmwZEgnrJXli@mail.ru,DELETE,2024-10-04 17:10:08
wmhpW@mail.ru,READ,2024-10-04 07:11:54
NWZmwZEgnrJXli@mail.ru,CREATE,2024-10-04 03:08:05
CuKxHq@gmail.com,UPDATE,2024-10-04 02:45:58
HzQpbwtPYcr@gmail.com,DELETE,2024-10-04 14:22:14
DgRrWUDxRqCuci@ya.ru,READ,2024-10-04 06:09:15
QWVYXefAb@mail.ru,READ,2024-10-04 19:01:31
HzQpbwtPYcr@gmail.com,UPDATE,2024-10-04 08:37:08
gkDWXlHdos@gmail.com,CREATE,2024-10-04 04:47:05
SDisT@gmail.com,CREATE,2024-10-04 02:35:40
QWVYXefAb@mail.ru,READ,2024-10-04 05:50:11
wmhpW@mail.ru,DELETE,2024-10-04 08:52:21
CuKxHq@gmail.com,CREATE,2024-10-04 05:13:18
SDisT@gmail.com,UPDATE,2024-10-04 18:48:32
FTpOweY@gmail.com,UPDATE,2024-10-04 03:30:01
SDisT@gmail.com,DELETE,2024-10-04 04:42:06
CuKxHq@gmail.com,READ,2024-10-04 13:32:42
NWZmwZEgnrJXli@mail.ru,READ,2024-10-04 04:39:49
gkDWXlHdos@gmail.com,CREATE,2024-10-04 23:03:27
SDisT@gmail.com,UPDATE,2024-10-04 15:13:01
QWVYXefAb@mail.ru,READ,2024-10-04 00:50:22
gkDWXlHdos@gmail.com,READ,2024-10-04 13:27:48
HzQpbwtPYcr@gmail.com,UPDATE,2024-10-04 11:29:30
CuKxHq@gmail.com,UPDATE,2024-10-04 02:15:25
gkDWXlHdos@gmail.com,UPDATE,2024-10-04 17:17:17
wmhpW@mail.ru,DELETE,2024-10-04 08:57:26
CuKxHq@gmail.com,CREATE,2024-10-04 08:06:54
QWVYXefAb@mail.ru,DELETE,2024-10-04 05:06:15
QWVYXefAb@mail.ru,DELETE,2024-10-04 18:38:00
DgRrWUDxRqCuci@ya.ru,READ,2024-10-04 20:53:27
QWVYXefAb@mail.ru,READ,2024-10-04 06:02:10
CuKxHq@gmail.com,READ,2024-10-04 10:20:50
SDisT@gmail.com,UPDATE,2024-10-04 05:30:35
DgRrWUDxRqCuci@ya.ru,UPDATE,2024-10-04 15:50:55
QWVYXefAb@mail.ru,DELETE,2024-10-04 16:03:34
CuKxHq@gmail.com,READ,2024-10-04 16:34:43
NWZmwZEgnrJXli@mail.ru,CREATE,2024-10-04 16:15:50
wmhpW@mail.ru,CREATE,2024-10-04 12:40:34
dnxjhsHl@ya.ru,DELETE,2024-10-04 06:21:12
HzQpbwtPYcr@gmail.com,CREATE,2024-10-04 20:54:32
wmhpW@mail.ru,DELETE,2024-10-04 10:54:28
gkDWXlHdos@gmail.com,CREATE,2024-10-04 08:09:23
CuKxHq@gmail.com,DELETE,2024-10-04 11:45:36
DgRrWUDxRqCuci@ya.ru,UPDATE,2024-10-04 20:56:42
SDisT@gmail.com,CREATE,2024-10-04 22:34:37
QWVYXefAb@mail.ru,DELETE,2024-10-04 04:07:15
dnxjhsHl@ya.ru,DELETE,2024-10-04 06:40:43
HzQpbwtPYcr@gmail.com,DELETE,2024-10-04 11:53:48
CuKxHq@gmail.com,UPDATE,2024-10-04 11:17:04
gkDWXlHdos@gmail.com,READ,2024-10-04 20:31:32
CuKxHq@gmail.com,DELETE,2024-10-04 21:20:36
SDisT@gmail.com,DELETE,2024-10-04 10:37:54
NWZmwZEgnrJXli@mail.ru,CREATE,2024-10-04 01:19:50
CuKxHq@gmail.com,DELETE,2024-10-04 13:05:59
SDisT@gmail.com,UPDATE,2024-10-04 21:33:04
SDisT@gmail.com,CREATE,2024-10-04 06:02:16
gkDWXlHdos@gmail.com,READ,2024-10-04 17:04:45
SDisT@gmail.com,UPDATE,2024-10-04 11:58:51
gkDWXlHdos@gmail.com,CREATE,2024-10-04 16:13:45
FTpOweY@gmail.com,UPDATE,2024-10-04 09:19:18
wmhpW@mail.ru,READ,2024-10-04 20:53:28
NWZmwZEgnrJXli@mail.ru,UPDATE,2024-10-04 19:39:23
FTpOweY@gmail.com,READ,2024-10-04 04:25:01
gkDWXlHdos@gmail.com,UPDATE,2024-10-04 02:53:48
wmhpW@mail.ru,CREATE,2024-10-04 12:25:15
NWZmwZEgnrJXli@mail.ru,READ,2024-10-04 23:01:19
NWZmwZEgnrJXli@mail.ru,UPDATE,2024-10-04 08:38:18
FTpOweY@gmail.com,UPDATE,2024-10-04 12:41:44
FTpOweY@gmail.com,READ,2024-10-04 18:29:26
NWZmwZEgnrJXli@mail.ru,DELETE,2024-10-04 18:55:36
DgRrWUDxRqCuci@ya.ru,READ,2024-10-04 07:06:46
dnxjhsHl@ya.ru,UPDATE,2024-10-04 05:16:58
gkDWXlHdos@gmail.com,CREATE,2024-10-04 10:33:14
dnxjhsHl@ya.ru,READ,2024-10-04 16:45:09
dnxjhsHl@ya.ru,READ,2024-10-04 15:36:07
wmhpW@mail.ru,CREATE,2024-10-04 04:13:50
HzQpbwtPYcr@gmail.com,READ,2024-10-04 05:04:32
FTpOweY@gmail.com,DELETE,2024-10-04 22:49:50
dnxjhsHl@ya.ru,DELETE,2024-10-04 05:25:00
wmhpW@mail.ru,CREATE,2024-10-04 04:30:35
gkDWXlHdos@gmail.com,DELETE,2024-10-04 15:35:31
DgRrWUDxRqCuci@ya.ru,CREATE,2024-10-04 06:50:20
gkDWXlHdos@gmail.com,UPDATE,2024-10-04 22:56:14
QWVYXefAb@mail.ru,CREATE,2024-10-04 05:05:13
QWVYXefAb@mail.ru,READ,2024-10-04 01:50:13
wmhpW@mail.ru,UPDATE,2024-10-04 10:04:28
NWZmwZEgnrJXli@mail.ru,DELETE,2024-10-04 06:39:51
wmhpW@mail.ru,UPDATE,2024-10-04 09:06:18
FTpOweY@gmail.com,CREATE,2024-10-04 11:50:38
HzQpbwtPYcr@gmail.com,DELETE,2024-10-04 21:28:21
DgRrWUDxRqCuci@ya.ru,CREATE,2024-10-04 13:23:34
SDisT@gmail.com,UPDATE,2024-10-04 10:06:07
wmhpW@mail.ru,CREATE,2024-10-04 15:56:13
DgRrWUDxRqCuci@ya.ru,CREATE,2024-10-04 23:17:07
NWZmwZEgnrJXli@mail.ru,DELETE,2024-10-04 19:21:53
CuKxHq@gmail.com,CREATE,2024-10-04 11:29:28
CuKxHq@gmail.com,UPDATE,2024-10-04 15:45:01
NWZmwZEgnrJXli@mail.ru,UPDATE,2024-10-04 03:34:56
NWZmwZEgnrJXli@mail.ru,DELETE,2024-10-04 22:41:20
DgRrWUDxRqCuci@ya.ru,READ,2024-10-04 02:41:34
SDisT@gmail.com,DELETE,2024-10-04 20:12:11
CuKxHq@gmail.com,CREATE,2024-10-04 16:56:50
CuKxHq@gmail.com,UPDATE,2024-10-04 14:35:17
DgRrWUDxRqCuci@ya.ru,DELETE,2024-10-04 08:38:59
wmhpW@mail.ru,UPDATE,2024-10-04 02:18:03
wmhpW@mail.ru,CREATE,2024-10-04 02:48:47
CuKxHq@gmail.com,DELETE,2024-10-04 11:00:56
DgRrWUDxRqCuci@ya.ru,READ,2024-10-04 21:20:56
gkDWXlHdos@gmail.com,READ,2024-10-04 18:53:11
NWZmwZEgnrJXli@mail.ru,DELETE,2024-10-04 22:58:53
NWZmwZEgnrJXli@mail.ru,DELETE,2024-10-04 06:34:51
wmhpW@mail.ru,READ,2024-10-04 07:31:22
DgRrWUDxRqCuci@ya.ru,UPDATE,2024-10-04 04:03:02
DgRrWUDxRqCuci@ya.ru,UPDATE,2024-10-04 15:07:11
CuKxHq@gmail.com,DELETE,2024-10-04 06:44:02
FTpOweY@gmail.com,UPDATE,2024-10-04 03:32:57
DgRrWUDxRqCuci@ya.ru,READ,2024-10-04 07:14:19
QWVYXefAb@mail.ru,CREATE,2024-10-04 16:51:27
wmhpW@mail.ru,READ,2024-10-04 19:02:16
DgRrWUDxRqCuci@ya.ru,DELETE,2024-10-04 01:24:38
wmhpW@mail.ru,DELETE,2024-10-04 18:02:28
QWVYXefAb@mail.ru,CREATE,2024-10-04 16:49:51
FTpOweY@gmail.com,DELETE,2024-10-04 09:18:59
QWVYXefAb@mail.ru,CREATE,2024-10-04 00:07:40
DgRrWUDxRqCuci@ya.ru,DELETE,2024-10-04 12:24:25
gkDWXlHdos@gmail.com,CREATE,2024-10-04 19:07:44
HzQpbwtPYcr@gmail.com,DELETE,2024-10-04 01:39:27
HzQpbwtPYcr@gmail.com,DELETE,2024-10-04 11:46:39
DgRrWUDxRqCuci@ya.ru,READ,2024-10-04 10:24:18
gkDWXlHdos@gmail.com,DELETE,2024-10-04 21:56:29
gkDWXlHdos@gmail.com,CREATE,2024-10-04 17:06:36
NWZmwZEgnrJXli@mail.ru,READ,2024-10-04 21:40:10
HzQpbwtPYcr@gmail.com,DELETE,2024-10-04 21:09:28
gkDWXlHdos@gmail.com,CREATE,2024-10-04 18:45:14
FTpOweY@gmail.com,CREATE,2024-10-04 20:07:01
gkDWXlHdos@gmail.com,CREATE,2024-10-04 20:50:04
CuKxHq@gmail.com,CREATE,2024-10-04 15:56:53
QWVYXefAb@mail.ru,CREATE,2024-10-04 18:27:18
NWZmwZEgnrJXli@mail.ru,READ,2024-10-04 22:57:09
SDisT@gmail.com,DELETE,2024-10-04 20:03:28
CuKxHq@gmail.com,UPDATE,2024-10-04 21:00:31
CuKxHq@gmail.com,DELETE,2024-10-04 19:02:00
SDisT@gmail.com,CREATE,2024-10-04 05:38:37
CuKxHq@gmail.com,READ,2024-10-04 20:19:16
gkDWXlHdos@gmail.com,UPDATE,2024-10-04 23:38:09
gkDWXlHdos@gmail.com,DELETE,2024-10-04 16:05:43
gkDWXlHdos@gmail.com,READ,2024-10-04 15:51:54
QWVYXefAb@mail.ru,DELETE,2024-10-04 11:42:43
wmhpW@mail.ru,READ,2024-10-04 09:10:46
dnxjhsHl@ya.ru,READ,2024-10-04 13:45:32
NWZmwZEgnrJXli@mail.ru,READ,2024-10-04 04:32:36
SDisT@gmail.com,DELETE,2024-10-04 21:42:02
FTpOweY@gmail.com,DELETE,2024-10-04 02:15:58
dnxjhsHl@ya.ru,DELETE,2024-10-04 23:01:47
HzQpbwtPYcr@gmail.com,CREATE,2024-10-04 02:01:28
DgRrWUDxRqCuci@ya.ru,DELETE,2024-10-04 18:07:54
DgRrWUDxRqCuci@ya.ru,UPDATE,2024-10-04 21:13:53
QWVYXefAb@mail.ru,CREATE,2024-10-04 18:19:11
HzQpbwtPYcr@gmail.com,CREATE,2024-10-04 08:35:48
gkDWXlHdos@gmail.com,CREATE,2024-10-04 14:54:56
DgRrWUDxRqCuci@ya.ru,UPDATE,2024-10-04 17:11:51
NWZmwZEgnrJXli@mail.ru,READ,2024-10-04 15:07:04
FTpOweY@gmail.com,CREATE,2024-10-04 15:15:51
SDisT@gmail.com,UPDATE,2024-10-04 20:43:01
QWVYXefAb@mail.ru,CREATE,2024-10-04 04:04:56
QWVYXefAb@mail.ru,UPDATE,2024-10-04 13:50:36
FTpOweY@gmail.com,UPDATE,2024-10-04 21:38:08
SDisT@gmail.com,UPDATE,2024-10-04 22:21:15
dnxjhsHl@ya.ru,UPDATE,2024-10-04 19:31:11
gkDWXlHdos@gmail.com,READ,2024-10-04 06:56:20
dnxjhsHl@ya.ru,CREATE,2024-10-04 12:24:56
CuKxHq@gmail.com,DELETE,2024-10-04 02:33:42
CuKxHq@gmail.com,UPDATE,2024-10-04 09:09:06
dnxjhsHl@ya.ru,DELETE,2024-10-04 23:45:53
SDisT@gmail.com,UPDATE,2024-10-04 07:29:03
wmhpW@mail.ru,READ,2024-10-04 17:33:12
dnxjhsHl@ya.ru,CREATE,2024-10-04 01:34:48
FTpOweY@gmail.com,CREATE,2024-10-04 03:52:30
gkDWXlHdos@gmail.com,READ,2024-10-04 16:05:27
CuKxHq@gmail.com,UPDATE,2024-10-04 04:59:35
CuKxHq@gmail.com,UPDATE,2024-10-04 03:11:42
SDisT@gmail.com,DELETE,2024-10-04 06:27:36
QWVYXefAb@mail.ru,CREATE,2024-10-04 20:36:25
DgRrWUDxRqCuci@ya.ru,CREATE,2024-10-04 15:52:50
DgRrWUDxRqCuci@ya.ru,DELETE,2024-10-04 08:43:40
wmhpW@mail.ru,CREATE,2024-10-04 18:13:59
HzQpbwtPYcr@gmail.com,CREATE,2024-10-04 15:55:04
dnxjhsHl@ya.ru,CREATE,2024-10-04 11:54:38
CuKxHq@gmail.com,CREATE,2024-10-04 17:13:52
HzQpbwtPYcr@gmail.com,READ,2024-10-04 11:08:44
QWVYXefAb@mail.ru,READ,2024-10-04 22:14:30
NWZmwZEgnrJXli@mail.ru,DELETE,2024-10-04 06:19:21
DgRrWUDxRqCuci@ya.ru,DELETE,2024-10-04 05:23:01
QWVYXefAb@mail.ru,DELETE,2024-10-04 18:16:55
SDisT@gmail.com,CREATE,2024-10-04 10:10:44
gkDWXlHdos@gmail.com,CREATE,2024-10-04 18:32:11
FTpOweY@gmail.com,READ,2024-10-04 02:14:28
dnxjhsHl@ya.ru,DELETE,2024-10-04 06:50:43
SDisT@gmail.com,UPDATE,2024-10-04 05:03:41
QWVYXefAb@mail.ru,DELETE,2024-10-04 01:26:07
DgRrWUDxRqCuci@ya.ru,DELETE,2024-10-04 19:11:14
HzQpbwtPYcr@gmail.com,UPDATE,2024-10-04 09:17:11
CuKxHq@gmail.com,DELETE,2024-10-04 15:46:31
HzQpbwtPYcr@gmail.com,DELETE,2024-10-04 22:22:32
SDisT@gmail.com,READ,2024-10-04 03:54:37
gkDWXlHdos@gmail.com,DELETE,2024-10-04 17:11:01
SDisT@gmail.com,UPDATE,2024-10-04 00:46:42
CuKxHq@gmail.com,READ,2024-10-04 15:14:44
CuKxHq@gmail.com,UPDATE,2024-10-04 10:51:30
HzQpbwtPYcr@gmail.com,UPDATE,2024-10-04 05:55:23
QWVYXefAb@mail.ru,READ,2024-10-04 09:21:41
QWVYXefAb@mail.ru,UPDATE,2024-10-04 05:09:48
HzQpbwtPYcr@gmail.com,UPDATE,2024-10-04 19:21:42
dnxjhsHl@ya.ru,CREATE,2024-10-04 09:47:29
DgRrWUDxRqCuci@ya.ru,DELETE,2024-10-04 04:10:20
SDisT@gmail.com,UPDATE,2024-10-04 07:54:17
FTpOweY@gmail.com,UPDATE,2024-10-04 17:57:45
SDisT@gmail.com,CREATE,2024-10-04 03:12:55
HzQpbwtPYcr@gmail.com,CREATE,2024-10-04 23:56:42
QWVYXefAb@mail.ru,READ,2024-10-04 01:25:00
wmhpW@mail.ru,DELETE,2024-10-04 02:28:26
gkDWXlHdos@gmail.com,UPDATE,2024-10-04 17:28:50
NWZmwZEgnrJXli@mail.ru,READ,2024-10-04 00:51:30
SDisT@gmail.com,UPDATE,2024-10-04 22:52:35
HzQpbwtPYcr@gmail.com,READ,2024-10-04 10:32:34
SDisT@gmail.com,READ,2024-10-04 03:15:51
SDisT@gmail.com,DELETE,2024-10-04 13:51:32
CuKxHq@gmail.com,DELETE,2024-10-04 23:36:48
gkDWXlHdos@gmail.com,UPDATE,2024-10-04 02:14:52
wmhpW@mail.ru,DELETE,2024-10-04 16:36:29
CuKxHq@gmail.com,CREATE,2024-10-04 04:24:44
CuKxHq@gmail.com,DELETE,2024-10-04 15:33:09
dnxjhsHl@ya.ru,CREATE,2024-10-04 09:07:51
CuKxHq@gmail.com,CREATE,2024-10-04 22:00:28
QWVYXefAb@mail.ru,CREATE,2024-10-04 04:26:11
NWZmwZEgnrJXli@mail.ru,DELETE,2024-10-04 16:30:54
NWZmwZEgnrJXli@mail.ru,READ,2024-10-04 16:55:18
dnxjhsHl@ya.ru,READ,2024-10-04 19:59:42
DgRrWUDxRqCuci@ya.ru,UPDATE,2024-10-04 18:07:26
gkDWXlHdos@gmail.com,UPDATE,2024-10-04 12:27:46
DgRrWUDxRqCuci@ya.ru,UPDATE,2024-10-04 21:13:36
wmhpW@mail.ru,READ,2024-10-04 06:50:18
CuKxHq@gmail.com,UPDATE,2024-10-04 09:01:38
FTpOweY@gmail.com,UPDATE,2024-10-04 08:18:03
FTpOweY@gmail.com,UPDATE,2024-10-04 18:03:26
QWVYXefAb@mail.ru,READ,2024-10-04 15:31:42
CuKxHq@gmail.com,UPDATE,2024-10-04 23:05:19
HzQpbwtPYcr@gmail.com,READ,2024-10-04 08:32:23
QWVYXefAb@mail.ru,UPDATE,2024-10-04 00:27:40
CuKxHq@gmail.com,CREATE,2024-10-04 06:23:03
dnxjhsHl@ya.ru,CREATE,2024-10-04 19:07:05
dnxjhsHl@ya.ru,UPDATE,2024-10-04 10:29:01
DgRrWUDxRqCuci@ya.ru,UPDATE,2024-10-04 03:39:41
QWVYXefAb@mail.ru,DELETE,2024-10-04 07:43:15
NWZmwZEgnrJXli@mail.ru,DELETE,2024-10-04 04:34:25
gkDWXlHdos@gmail.com,CREATE,2024-10-04 20:27:20
CuKxHq@gmail.com,UPDATE,2024-10-04 04:27:51
gkDWXlHdos@gmail.com,CREATE,2024-10-04 09:29:25
SDisT@gmail.com,READ,2024-10-04 03:47:30
FTpOweY@gmail.com,CREATE,2024-10-04 16:22:46
gkDWXlHdos@gmail.com,CREATE,2024-10-04 03:15:43
gkDWXlHdos@gmail.com,UPDATE,2024-10-04 02:43:53
NWZmwZEgnrJXli@mail.ru,CREATE,2024-10-04 01:10:54
gkDWXlHdos@gmail.com,UPDATE,2024-10-04 07:15:31
gkDWXlHdos@gmail.com,READ,2024-10-04 14:52:32
NWZmwZEgnrJXli@mail.ru,DELETE,2024-10-04 05:06:38
dnxjhsHl@ya.ru,DELETE,2024-10-04 08:10:29
QWVYXefAb@mail.ru,DELETE,2024-10-04 02:41:28
dnxjhsHl@ya.ru,READ,2024-10-04 14:25:42
CuKxHq@gmail.com,READ,2024-10-04 22:55:17
wmhpW@mail.ru,READ,2024-10-04 21:29:36
QWVYXefAb@mail.ru,UPDATE,2024-10-04 17:48:59
HzQpbwtPYcr@gmail.com,READ,2024-10-04 12:14:12
NWZmwZEgnrJXli@mail.ru,UPDATE,2024-10-04 11:58:28
CuKxHq@gmail.com,UPDATE,2024-10-04 16:46:09